PROCESSOS ENVIADOS PARA FAZENDA - AUTO DE INFRAÄéO COM GUIA DE PAGAMENTO,,,,,,,,,,,
DATA ENVIO PARA A FAZENDA,PROCESSO ADMINISTRATIVO/AUTO DE INFRAÄéO,MEIO AMBIENTE ,NOME/RAZéO SOCIAL,CPF/CNPJ,VALOR MULTA,DATA VENCIMENTO,Nß AR,Nß PROCESSO BETHA,RESPONSÜVEL,DEFESA,OBSERVAÄôES
15/07/2026,AI 134/2026,MEIO AMBIENTE ,FABRãCIO ROCHA FARIA,077.095.036-16,"18490,5",14/08/2026,BN 676 330 459 BR,36348/2026,LOURIVAL,,AR VOLTOU EM 17/07/26 COMO ''MUDOU-SE'' - PUBLICADO EM 19/08/26 - ENVIADO PARA DIVIDA ATIVA EM 02/10/26
15/07/2026,AI 133/2026,MEIO AMBIENTE ,FABRãCIO ROCHA FARIA,077.095.036-16,"18490,5",17/08/2026,BN 676 330 459 BR,36423/2026,LOURIVAL,,AR VOLTOU EM 17/07/26 COMO ''MUDOU-SE'' - PUBLICADO EM 19/08/26 - ENVIADO PARA DIVIDA ATIVA EM 02/10/26
16/07/2026,PA 24/2026,MEIO AMBIENTE ,FERNANDO PINTO CAMBRAIA,076.768.026-01,"18490,5",17/08/2026,BN 676 330 428 BR,36647/2026,LOURIVAL,,"VOLTOU DIA 17/08/2026 COMO ''NéO PROCURADO"" - PUBLICADO EM 24/08/26  - ENVIADO PARA DIVIDA ATIVA EM 02/10/26"
20/07/2026,PA 25/2026,MEIO AMBIENTE ,ADILSON LOPES DE OLIVEIRA,164.451.476-15,"18490,5",19/08/2026,BN 676 330 520 BR,37066/2026,LOURIVAL,39733/2026,AR RECEBIDA EM 24/07/2026
20/07/2026,PA 48/2026,MEIO AMBIENTE ,ESPOLIO DE JOSê GONTIJO,008.246.906-72,"18490,5",20/08/2026,BN 676 330 476 BR,37205/2026,JñLIO,,AR RECEBIDA EM 23/07/2026 - ENVIADA PARA INSCRIÄéO EM DãVIDA ATIVA EM 26/08/26
20/07/2026,PA 47/2026,MEIO AMBIENTE ,ANTENOR DA COSTA,300.688.436-15,"18490,5",20/08/2026,BN 676 330 480 BR,37226/2026,JñLIO,,VOLTOU DIA 24/07/2026 COMO ''NéO EXISTE Nß INDICADO'' - PUBLICADO EM EDITAL DIA 03/08 - ENVIADA PARA INSCRIÄéO EM DãVIDA ATIVA EM 03/08/26
20/07/2026,PA 45/2026,MEIO AMBIENTE ,CONSTRUCOSTA CONSTRUTORA E INCORPORADORA,39.924.044/0001-43,"18490,5",20/08/2026,BN 676 330 581 BR,37229/2026,JñLIO,,AR RECEBIDA EM 28/07/2026 - ENVIADA PARA INSCRIÄéO EM DãVIDA ATIVA EM 26/08/26
23/07/0226,PA 65/2026,MEIO AMBIENTE ,COSTA RICA EMPREENDIMENTOS  E PARTICIPAÄôES,11.090.779/0001-08,11980,24/08/2026,BN 676 330 745 BR,37861/2026,JñLIO,39527/2026,AR RECEBIDA EM 28/07/2026
23/07/0226,PA 66/2026,MEIO AMBIENTE ,COSTA RICA EMPREENDIMENTOS  E PARTICIPAÄôES,11.090.779/0001-08,11980,24/08/2026,BN 676 330 745 BR,37860/2026,JñLIO,39527/2026,AR RECEBIDA EM 28/07/2026
11/08/2026,PA 192/2026,MEIO AMBIENTE ,FERREIRA & FILHOS EMPREENDIMENTOS DE IMOVEIS LTDA,07.565.992/0001-43,6275,10/09/2026,BN 676 355 226 BR,41776/2026,VANDEUSA,50390/2026 ,AR RECEBIDA EM 04/09/2026
11/08/2026,PA 196/2026,MEIO AMBIENTE ,COOPERATIVA DE CREDITO UNICRED EVOLUÄéO LTDA,01.727.929/0001-80,570,10/09/2026,BN 676 355 230 BR,41783/2026,THAIS,PAGO,AR RECEBIDA EM 19/08/2026 - ENVIADA PARA INSCRIÄéO EM DãVIDA ATIVA EM 22/09/26
17/08/2026,PA 233/2026,MEIO AMBIENTE ,ELAINE SILVA GRIGORIO, 028.174.496-30,6275,16/09/2026,BN 676 351 555 BR,42909/2026,VANDEUSA,42909/2026,AR RECEBIDA EM 20/08/2026 - ENVIADA PARA INSCRIÄéO EM DãVIDA ATIVA EM 22/09/26
17/08/2026,PA  235/2026,MEIO AMBIENTE ,RONALDO DA SILVA GRIGORIO ,050.561.036-16,6275,16/09/2026,BN 676 351 547 BR,43007/2026,VANDEUSA,48263/2026,AR RECEBIDA EM 20/08/2026
18/08/2026,PA 237/2026,MEIO AMBIENTE ,JHON WEBERT DA SILVA,071.074.926-08,570,17/09/2026,BN 676 351 .697 BR,43312/2026,VANDEUSA,,"AR VOLTOU EM 10/09/2026 ""NéO PROCURADO "" - PUBLICADO EM 18/09/26 "
18/08/2026,PA 249/2026,MEIO AMBIENTE ,CARLOS ROBERTO DE AZEVEDO,617.105.806-82,6275,17/09/2026,BN 676 351 706 BR,43315/2026,VANDEUSA,,AR RECEBIDA  EM 26/08/2026 - ENVIADA PARA INSCRIÄéO EM DãVIDA ATIVA EM 22/09/26
18/08/2026,PA 244/2026,MEIO AMBIENTE ,JOSê DIMAS BATISTA BECHELANE,185.475.166-20,6275,17/09/2026,BN 676 351 710 BR,43319/2026,THAIS,,AR RECEBIDA  EM 19/08/2026 - ENVIADA PARA INSCRIÄéO EM DãVIDA ATIVA EM 22/09/26
18/08/2026,PA 246/2026,MEIO AMBIENTE ,BURGOS PARTICIPAÄôES E EMPREENDIMENTOS LTDA,33.843.019/0001-59,570,17/09/2026,BN 676 351 723 BR,43326/2026,THAIS,,"VOLTOU DIA 21/08/2026 COMO ''DESCONHECIDO"" - PUBLICADO EM 28/08/26 - ENVIADA PARA INSCRIÄéO EM DãVIDA ATIVA EM 22/09/26"
18/08/2026,PA 247/2026,MEIO AMBIENTE ,BURGOS PARTICIPAÄôES E EMPREENDIMENTOS LTDA,33.843.019/0001-59,570,17/09/2026,BN 676 351 723 BR,43332/2026,THAIS,,"VOLTOU DIA 21/08/2026 COMO ''DESCONHECIDO"" - PUBLICADO EM 28/08/26 - ENVIADA PARA INSCRIÄéO EM DãVIDA ATIVA EM 22/09/26"
18/08/2026,PA 256/2026,MEIO AMBIENTE ,FG CONSTRUÄôES E LOCAÄôES DE IMOVEIS LTDA,01.683.107/0001-44,570,17/09/2026,BN 676 351 745 BR,43404/2026,VANDEUSA,01183.000000208/2026 ,AR RECEBIDA EM 04/09/2026
20/08/2026,PA 270/2026,MEIO AMBIENTE ,CÜTIA REGINA DE SOUZA,774.510.826-87,570,21/09/2026,BN 676 351 992 BR,44028/2026,THAIS,,AR RECEBIDA EM 24/08/2026
24/08/2026,PA 276/2026,MEIO AMBIENTE ,MARCOS CHARLES PEREIRA VIEIRA,002.918.156-93,570,23/09/2026,BN 676 352 091 BR,44542/2026,VANDEUSA,,AR RECEBIDO EM 28/08/2026 - ENVIADO PARA DIVIDA ATIVA EM 02/10/26
24/08/2026,PA 271/2026,MEIO AMBIENTE ,GERALDO JOSê MENDONÄA,274.640.596-20,570,23/09/2026,BN 676 336 575 BR,44561/2026,THAIS,,"VOLTOU DIA 03/09/2026 COMO ''NéO EXISTE NUMERO INDICADO"" - PUBLICADO EM 08/09/26 - ENVIADO PARA DIVIDA ATIVA EM 02/10/26"
25/08/2026,PA 279/2026,MEIO AMBIENTE ,OSCAR JOSê GONTIJO ,119.184.036-00,570,24/09/2026,BN 676 336 522 BR,44929/2026,THAIS,,AR RECEBIDA EM 01/09/2026  
25/08/2026,PA 277/2026,MEIO AMBIENTE ,GERALDO JOSê MENDONÄA,274.640.596-20,570,24/09/2026,BN 676 336 575 BR,44931/2026,THAIS,,"VOLTOU DIA 03/09/2026 COMO ''NéO EXISTE NUMERO INDICADO"" - PUBLICADO EM 08/09/26 - ENVIADO PARA DIVIDA ATIVA EM 02/10/26"
25/08/2026,PA 278/2026,MEIO AMBIENTE , ESPüLIO DE ILCA NOGUEIRA SILVA,098.910.136-34,570,24/09/2026,BN 676 336 584 BR,44933/2026,VANDEUSA,,AR RECEBIDA EM 31/08/2026 - ENVIADO PARA DIVIDA ATIVA EM 02/10/26
25/08/2026,PA 280/2026,MEIO AMBIENTE , ESPüLIO DE ILCA NOGUEIRA SILVA,098.910.136-34,570,24/09/2026,BN 676 336 584 BR,44937/2026,VANDEUSA,,AR RECEBIDA EM 31/08/2026 - ENVIADO PARA DIVIDA ATIVA EM 02/10/26
25/08/2026,PA 282/2026,MEIO AMBIENTE , ESPüLIO DE ILCA NOGUEIRA SILVA,098.910.136-34,570,24/09/2026,BN 676 336 584 BR,44940/2026,VANDEUSA,,AR RECEBIDA EM 31/08/2026 - ENVIADO PARA DIVIDA ATIVA EM 02/10/26
25/08/2026,PA 283/2026,MEIO AMBIENTE , ESPüLIO DE ILCA NOGUEIRA SILVA,098.910.136-34,570,24/09/2026,BN 676 336 584 BR,44941/2026,VANDEUSA,,AR RECEBIDA EM 31/08/2026 - ENVIADO PARA DIVIDA ATIVA EM 02/10/26
25/08/2026,PA 284/2026,MEIO AMBIENTE , ESPüLIO DE ILCA NOGUEIRA SILVA,098.910.136-34,570,24/09/2026,BN 676 336 584 BR,44949/2026,VANDEUSA,,AR RECEBIDA EM 31/08/2026 - ENVIADO PARA DIVIDA ATIVA EM 02/10/26
26/08/2026,PA 281/2026,MEIO AMBIENTE ,OSCAR JOSê GONTIJO ,119.184.036-00,570,24/09/2026,BN 676 336 522 BR,45256/2026,THAIS,,
26/08/2026,PA 300/2026,MEIO AMBIENTE , GUSTAVO HENRIQUE FONSECA SOUZA, 021.504.036-84,6275,28/09/2026,BN 676 336 641 BR,45428/2026,VANDEUSA,,"VOLTOU EM 01/10/2026 ""NéO PROCURADO"""
26/08/2026,PA 303/2026,MEIO AMBIENTE ,DAYNER LAENDER SOUSA MOREIRA , 097.334.486-56,6275,28/09/2026,BN 676 336 638 BR,45430/2026,VANDEUSA,,"VOLTOU DIA 03/09/2026 COMO ''DESCONHECIDO"" - PUBLICADO EM 08/09/26 - ENVIADO PARA DIVIDA ATIVA EM 02/10/26"
26/08/2026,PA 296/2026,MEIO AMBIENTE ,ANTåNIO NICODEMOS DE OLIVEIRA,886.888.106-30,11980,28/09/2026,BN 676 336 743 BR,45439/2026,JñLIO,51665/2026,AR RECEBIDA EM 04/09/2026
26/08/2026,PA 310/2026,MEIO AMBIENTE ,CLÜUDIA VIANA ,886.964.136-87,11980,28/09/2026,BN 676 336 690 BR,45486/2026,JñLIO,,AR RECEBIDO EM 03/09/2026- ENVIADO PARA DIVIDA ATIVA EM 02/10/26
26/08/2026,PA 317/2026,MEIO AMBIENTE ,CLÜUDIO DA SILVA GOMES,032.394.696-85,570,28/09/2026,BN 676 336 757 BR,45510/2026,JñLIO,,AR RECEBIDO EM 04/09/2026- ENVIADO PARA DIVIDA ATIVA EM 02/10/26
26/08/2026,PA 288/2026,MEIO AMBIENTE ,CLÜUDIO COELHO FAVA **,711.096.096-04,570,28/09/2026,BN 676 336 686 BR,45557/2026,JñLIO,,"AR VOLTOU EM 10/09/2026 ""DESCONHECIDO"" - PUBLICADO EM 18/09/26"
26/08/2026,PA 295/2026,MEIO AMBIENTE ,CONSTRUTORA PIO EIRELI,30.106.501/0001-18,11980,28/09/2026,BN 676 336 709 BR,45563/2026,JñLIO,,AR RECEBIDA EM 03/09/2026 
26/08/2026,PA 306/2026,MEIO AMBIENTE ,ADEMILSON OLIVERIO SILVA,854.556.016-87,11980,28/09/2026,BN 676 336 712 BR,45569/2026,JñLIO,,
26/08/2026,PA 311/2026,MEIO AMBIENTE ,DEVACI PINTO GONTIJO,886.884.296-34,11980,28/09/2026,BN 676 336 669 BR ,45571/2026,JñLIO,,"AR VOLTOU EM 10/09/2026 ""MUDOU-SE"" - PUBLICADO EM 18/09/26"
26/08/2026,PA 298/2026,MEIO AMBIENTE ,CONDOMãNIO JARDIM DA ACÜCIAS,04.441.440/0001-93,570,28/09/2026,BN 676 336 730 BR,45576/2026,JñLIO,,AR RECEBIDO EM 03/09/2026
26/08/2026,PA 308/2026,MEIO AMBIENTE , COMPANHIA DE HABITAÄéO DO ESTADO DE MINAS GERAIS - COHAB MINAS ,17.161.837/0001-15,6275,28/09/2026,BN 676 336 726 BR,45580/2026,VANDEUSA,,AR RECEBIDO EM 08/09/2026 - ENVIADO PARA DIVIDA ATIVA EM 02/10/26
27/08/2026,PA 291/2026,MEIO AMBIENTE ,COMPANHIA DE HABITAÄéO DO ESTADO DE MINAS GERAIS - COHAB MINAS ,17.161.837/0001-15,570,28/09/2026,BN 676 336 726 BR,45583/2026,VANDEUSA,,AR RECEBIDO EM 08/09/2026 - ENVIADO PARA DIVIDA ATIVA EM 02/10/26
27/08/2026,PA 309/2026,MEIO AMBIENTE ,E.A. EMPREENDIMENTOS E PARTICIPAÄôES SOCIETÜRIAS LTDA,13.828.438/0001-04,570,28/09/2026,BN 676 336 672 BR,45584/2026,THAIS,49211/2026,AR RECEBIDA EM 03/09/2026
02/09/2026,PA 318/2026,MEIO AMBIENTE ,GUSTAVO LOPES PEREIRA,122.979.526-00,570,02/10/2026,BN 676 336 859 BR,46706/2026 ,JñLIO,,"AR VOLTOU EM 10/09/2026 "" DESCONHECIDO"" - PUBLICADO EM 18/09/26"
02/09/2026,PA 40/2026 REINCIDâNCIA AI 411/2026,MEIO AMBIENTE ,RECANTO DO SOL RECANTO DO SOL INCORPORAÄéO E EMPREENDIMENTOS SPE LTDA,28.590.393/0001-50,50000,05/10/2026,,47127/2026,JñLIO,, 
04/09/2026,PA 391/2026 ,MEIO AMBIENTE ,THIAGO EMPREENDIMENTOS IMOBILIÜRIOS LTDA,09.155.895/0001-08,570,13/10/2026,BN 676 337 085 BR,48676/2026,VANDEUSA,,"AR VOLTOU EM 22/09/2026 "" ENDEREÄO INSUFICIENTE"" - PUBLICADO EM 28/09/26"
04/09/2026,PA 380/2026,MEIO AMBIENTE , COMUNICAR PLACAS LTDA. ,14.707.713/0001-02,"1110,7",13/10/2026,BN 676 337 151 BR,48678/2026,THAIS,51718/2026,AR RECEBIDO EM 18/09/2026
04/09/2026,PA 362/2026,MEIO AMBIENTE , COMUNICAR PLACAS LTDA. ,14.707.713/0001-02,"5553,5",13/10/2026,BN 676 337 151 BR,48689/2026,THAIS,51718/2026,AR RECEBIDO EM 18/09/2026
11/09/2026,PA 454/2026,MEIO AMBIENTE ,PATRICIA MARIA DE MOURA ,011.715.226-90,570,13/10/2026,BN 676 337 125 BR,48697/2026,THAIS,,AR RECEBIDO EM 17/09/2026
11/09/2026,PA 455/2026,MEIO AMBIENTE ,LEONARDO BENTO FERREIRA DE TOLEDO ,031.401.466-71,570,14/10/2026,BN 676 337 196 BR,48745/2026,THAIS,,AR RECEBIDO EM 16/09/2026
24/09/2026,PA 575/2026,MEIO AMBIENTE ,MOVELARIA UNIéO COMêRCIO DE MüVEIS LTDA ,47.293.173/0001-09 ,"5553,5",26/10/2026,,51468/2026,JñLIO,01183.000000199/2026 ,FAZENDA QUE IRÜ ENVIAR A GUIA DE PAGAMENTO
25/09/2026,PA 578/2026,MEIO AMBIENTE ,ESTADO DE MINAS GERAIS ,18.715.615/0001-60 ,6275,26/10/2026,,51930/2026,THAIS,,
25/09/2026,PA 583/2026,MEIO AMBIENTE ,VIX CALDERARIA LTDA - ME ,12.865.252/0001-62 ,25000,26/10/2026,,51937/2026,VANDEUSA,,
25/09/2026,PA 602/2026,MEIO AMBIENTE ,M.A.S. EMPREENDIMENTOS IMOBILIÜRIOS LTDA. ,27.566.014/0001-23 ,570,26/10/2026,,51939/2026,THAIS,,
25/09/2026,PA 613/2026,MEIO AMBIENTE ,COMUNIDADE CATüLICA MISSéO MARIA DE NAZARê ,27.600.293/0001-02,"18490,5",26/10/2026,,51941/2026,VANDEUSA,,
25/09/2026,PA 614/2026,MEIO AMBIENTE ,LUCIANA TELES REGINA CARDOSO ,015.494.556-05 ,"18490,5",26/10/2026,,51953/2026,VANDEUSA,,
25/09/2026,PA 620/2026,MEIO AMBIENTE ,FERNANDO PINTO CAMBRAIA ,076.768.026-01 ,"18490,5",26/10/2026,,51958/2026,VANDEUSA,,
25/09/2026,PA 630/2026,MEIO AMBIENTE ,ANTåNIO PEDRO PIMENTA ,300.683.716-91 ,6275,28/10/2026,,52081/2026,VANDEUSA,,
25/09/2026,PA 631/2026,MEIO AMBIENTE ,ANTåNIO CARLOS FONSECA ,165.501.966-04 ,6275,28/10/2026,,52082/2026,THAIS,,
30/09/2026,PA 643/2026,MEIO AMBIENTE ,JUZE COMERCIAL BEBIDAS LTDA / JOSê ALBERTO DE FARIA COSTA,35.292.657/0001-54,11980,03/11/2026,,52939/2026,VANDEUSA,,
02/10/2026,PA 700/2026,MEIO AMBIENTE ,BASE 7 LTDA,33.713.612/0001-80,"5553,5",03/11/2026,,53496/2026,JñLIO,,
