PROCESSOS ENVIADOS PARA FAZENDA - AUTO DE INFRAÄéO COM GUIA DE PAGAMENTO,,,,,,,,,,,,,,,,,,
DATA ENVIO PARA A FAZENDA,PROCESSO ADMINISTRATIVO/AUTO DE INFRAÄéO,MEIO AMBIENTE OU FISCALIZAÄéO DE POSTURAS,NOME/RAZéO SOCIAL,CPF/CNPJ,VALOR MULTA,DATA VENCIMENTO,Nß AR,Nß PROCESSO BETHA,RESPONSÜVEL,DEFESA,OBSERVAÄôES,,,,,,,
21/07/2026,PA 50/2026,POSTURAS,MARCO TñLIO NOGUEIRA,865.810.906-20,"1110,7",20/08/2026,BN 676 330 564 BR,37361/2026,LUIZA,,AR RECEBIDA EM 28/07/2026 - ENVIADA PARA INSCRIÄéO EM DãVIDA ATIVA EM 21/08/26,,,,,,,Pago
21/07/2026,PA 49/2026,POSTURAS,CHRISTIAN RODRIGUES DOS SANTOS,034.158.076-73,"4798,08",20/08/2026,BN 676 330 595 BR,37434/2026,SABRINA,,AR RECEBIDA EM 24/07/2026 -  ENVIADA PARA INSCRIÄéO EM DãVIDA ATIVA EM 25/08/26,,,,,,,NÑo pago e vencido
21/07/2026,PA 52/2026,POSTURAS,MARIA SUELI CHAVES COSTA,977.880.406-06,"1110,7",20/08/2026,BN 676 330 555 BR,37456/2026,LUIZA,43789/2026 ,ENTREGUE PESSOALMENTE EM 29/07/2026 - ENVIADA PARA INSCRIÄéO EM DãVIDA ATIVA EM 26/08/26,,,,,,,NÑo pago mas ainda nÑo esta vencido - Enviado para a Divida ativa
21/07/2026,PA 53/2026,POSTURAS,MARIJU EMPREENDIMENTOS E PARTICIPAÄôES,26.184.223/0001-40,"4954,68",21/08/2026,BN 676 330 578 BR,37481/2026,LEANDRO,,AR RECEBIDA EM 24/07/2026 - ENVIADA PARA INSCRIÄéO EM DãVIDA ATIVA EM 26/08/26,,,,,,,ReduáÑo de 50%
21/07/2026,PA 53/2026,POSTURAS,MARIJU EMPREENDIMENTOS E PARTICIPAÄôES,26.184.223/0001-40,"6717,31",21/08/2026,BN 676 330 578 BR,37481/2026,LEANDRO,,AR RECEBIDA EM 24/07/2026 - ENVIADA PARA INSCRIÄéO EM DãVIDA ATIVA EM 26/08/26,,,,,,,Esperando a fazenda enviar a multa
22/07/2026,PA 54/2026,POSTURAS,OSMAR ROMA,553.540.258-34,"5997,6",21/08/2026,BN 676 330 785 BR,37571/2026,LUIZA,51329/2026,AR RECEBIDA EM 28/07/2026 - ENVIADA PARA INSCRIÄéO EM DãVIDA ATIVA EM 26/08/26,,,,,,,"Vencido - NÑo foi verificado ainda se foi pago ou nÑo, e nÑo foi enviado para a divida ativa ainda"
22/07/2026,PA 57/2026,POSTURAS,HILTON HENRIQUES FERREIRA,044.113.316-91,"2499,07",21/08/2026,BN 676 330 771 BR,37596/2026,MÜRCIO,,"VOLTOU DIA 25/08/2026 COMO ''NéO PROCURADO"" - PUBLICADO EM 28/08/26 - ENVIADO PARA INSCRIÄéO EM DãVIDA ATIVA EM 01/10/2026",,,,,,,Cancelado pela fazenda
22/07/2026,PA 57/2026,POSTURAS,HILTON HENRIQUES FERREIRA,044.113.316-91,"3998,4",21/08/2026,BN 676 330 771 BR,37596/2026,MÜRCIO,,"VOLTOU DIA 25/08/2026 COMO ''NéO PROCURADO"" - PUBLICADO EM 28/08/26 - ENVIADO PARA INSCRIÄéO EM DãVIDA ATIVA EM 01/10/2026",,,,,,,
22/07/2026,PA 58/2026,POSTURAS,ARIVELTO COSTA ALMEIDA,013.647.296-60,"3161,4",03/11/2026,BN 676 330 799 BR,37623/2026,LUIZA,40152/2026,AR RECEBIDA EM 28/07/2026 - ENVIO DE REDUÄéO DE 50% EM 02/10/26,,,,,,,
22/07/2026,PA 55/2026,POSTURAS,DIVINO JORGE,078.364.306-34,"3248,7",21/08/2026,BN 676 330  604 BR,37625/2026,LEANDRO,,VOLTOU DIA 23/07/2026 COMO ''MUDOU-SE'' - PUBLICADO EM EDITAL DIA 03/08 - ENVIADA PARA INSCRIÄéO EM DãVIDA ATIVA EM 26/08/26,,,,,,,
22/07/2026,PA 60/2026,POSTURAS,SOLON CONSULTORIA EMPRESARIAL LTDA,15.199.982/0001-60,77385,21/08/2026,BN 676 330 649 BR,37655/2026,MÜRCIO,,VOLTOU DIA 24/07/2026 COMO ''MUDOU-SE'' - PUBLICADO EM 17/08/26  - ENVIADO PARA INSCRIÄéO EM DãVIDA ATIVA EM 01/10/2026,,,,,,,
22/07/2026,PA 61/2026,POSTURAS,MARY DA ROCHA,278.869.056-87,"5997,6",24/08/2026,BN 676 330 683 BR,37685/2026,LUIZ,,"VOLTOU DIA 27/08/2026 "" NéO PROCURADO"" -  PUBLICADO EM 31/08/26 - ENVIADO PARA INSCRIÄéO EM DãVIDA ATIVA EM 01/10/2026",,,,,,,
23/07/0226,PA 64/2026,POSTURAS,CRISTIANA MARTINS DE ASSIS,043.977.106-43,"6497,4",24/08/2026,BN 676 330 723 BR,37886/2026,RåMULO,,"VOLTOU DIA 27/08/2026 "" NéO PROCURADO"" -  PUBLICADO EM 31/08/26 - ENVIADO PARA INSCRIÄéO EM DãVIDA ATIVA EM 01/10/2026",,,,,,,
23/07/0226,PA 63/2026,POSTURAS,VERT COMPANHIA SECURITIZADORA,25.005.683/0001-09,"6497,4",24/08/2026,BN 676 330 737 BR,37885/2026,RåMULO,,AR RECEBIDA EM 29/07/2026 -  ENVIADA PARA INSCRIÄéO EM DãVIDA ATIVA EM 28/08/26,,,,,,,
24/07/2026,PA 69/2026,POSTURAS,ITO IMOVEIS LTDA,20.894.481/0001-33,"4798,08",24/08/2026,BN 676 330 710 BR,37999/2026,LUIZA,,VOLTOU DIA 28/07/2026 COMO ''ENDEREÄO INSUFICIENTE'' - PUBLICADO EM 17/08/26  - ENVIADO PARA INSCRIÄéO EM DãVIDA ATIVA EM 01/10/2026,,,,,,,
24/07/2026,PA 70/2026,POSTURAS,JOSê VALTER GONTIJO AGUIAR,250.434.476-72,"6322,13",26/08/2026,BN 676 330 635 BR,38075/2026,LUIZ,,AR RECEBIDA EM 30/07/2026 - ENVIADA PARA INSCRIÄéO EM DãVIDA ATIVA EM 28/08/26,,,,,,,
24/07/2026,PA 71/2026,POSTURAS,SHEILA MARIA DE JESUS SILVA ,049.766.166-73,"5997,6",26/08/2026,BN 676 330 652 BR,38066/2026,LUIZA,41886/2026,AR RECEBIDA EM 31/07/2026,,,,,,,
24/07/2026,PA 72/2026,POSTURAS,FRANCISCO GOMES DE OLIVEIRA NETO,389.516.906-44,4998,26/08/2026,BN 676 330 666 BR,38092/2026,LUIZ,,AR RECEBIDA EM 31/07/2026 -  ENVIADA PARA INSCRIÄéO EM DãVIDA ATIVA EM 28/08/26,,,,,,,
24/07/2026,PA 73/2026,POSTURAS,RINALDO MACHADO DE ALMEIDA,858.367.886-34,"9579,5",26/08/2026,BN 676 330 670 BR,38110/2026,LUIZA,,VOLTOU DIA 30/072026 COMO ''desconhecido'' - PUBLICADO EM 17/08/26 - ENVIADO PARA INSCRIÄéO EM DãVIDA ATIVA EM 01/10/2026,,,,,,,
24/07/2026,PA 68/2026,POSTURAS,GM ROCHA EMPREENDIMENTOS LTDA,61.134.651/0001-69,"5497,96",26/08/2026,BN 676 330 697 BR,38094/2026,LEANDRO,,AR RECEBIDA EM 30/07/2026 - VOLTOU DIA 07/08/26 COMO DESCONHECIDO - REINTEGRADO - PUBLICADO EM 21/08/26 - ENVIADO PARA INSCRIÄéO EM DãVIDA ATIVA EM 01/10/2026,,,,,,,
24/07/2026,PA 68/2026,POSTURAS,GM ROCHA EMPREENDIMENTOS LTDA,61.134.651/0001-69,"5497,96",26/08/2026,BN 676 330 697 BR,38094/2026,LEANDRO,,AR RECEBIDA EM 30/07/2026 - VOLTOU DIA 07/08/26 COMO DESCONHECIDO - REINTEGRADO - PUBLICADO EM 21/08/26 - ENVIADO PARA INSCRIÄéO EM DãVIDA ATIVA EM 01/10/2026,,,,,,,
24/07/2026,PA 74/2026,POSTURAS,LUIZ CARLOS HAUCK,006.740.956-34,"5914,3",26/08/2026,BN 676 330 621 BR,38192/2026,LUIZA,,VOLTOU DIA 03/08/2026 COMO ''DESCONHECIDO'' - PUBLICADO EM 17/08/26 - ENVIADO PARA INSCRIÄéO EM DãVIDA ATIVA EM 01/10/2026,,,,,,,
24/07/2026,PA 76/2026,POSTURAS,RENATO RIBEIRO DE OLIVEIRA AZEVEDO,887.392.956-72,"5997,6",26/08/2026,BN 676 330 992 BR,38310/2026,MÜRCIO,,AR RECEBIDA EM 30/07/2026 - ENVIADA PARA INSCRIÄéO EM DãVIDA ATIVA EM 28/08/26,,,,,,,
24/07/2026,PA 76/2026,POSTURAS,RENATO RIBEIRO DE OLIVEIRA AZEVEDO,887.392.956-72,"6497,4",26/08/2026,BN 676 330 992 BR,38310/2026,MÜRCIO,,AR RECEBIDA EM 30/07/2026 - ENVIADA PARA INSCRIÄéO EM DãVIDA ATIVA EM 28/08/26,,,,,,,
27/07/2026,PA 78/2026,POSTURAS,ESPOLIO DE SILVIO VITOR,054.826.236-53,"5552,77",26/08/2026,BN 676 330 873 BR,38312/2026,MÜRCIO,,AR RECEBIDA EM 30/07/2026 - ENVIADA PARA INSCRIÄéO EM DãVIDA ATIVA EM 28/08/26,,,,,,,
27/07/2026,PA 77/2026,POSTURAS,GUILHERME DE PAULA GONÄALVES,013.012.806-66,"5997,6",26/08/2026,BN 676 330 958 BR,38342/2026,MÜRCIO,51063/2026,AR RECEBIDA EM 03/08/2026 - ENVIADA PARA INSCRIÄéO EM DãVIDA ATIVA EM 28/08/26,,,,,,,
27/07/2026,PA 80/2026,POSTURAS,CATIA REGINA DE SOUZA ,774.510.826-87 ,4998,26/08/2026,BN 676 330 989 BR,38318/2026,LUIZA,41549/2026,AR RECEBIDA EM 31/07/2026,,,,,,,
27/07/2026,PA 82/2026,POSTURAS,BRENO KENNEDY DE ARAUJO COSTA,125.483.906-24,4998,26/08/2026,BN 676 330 839 BR,38381/2026,LUIZA,44292/2026,AR RECEBIDA EM 14/08/2026,,,,,,,
27/07/2026,PA 79/2026,POSTURAS,TANIA MARIA DE OLIVEIRA SILVA,296.111.646-53,4998,26/08/2026,BN 676 330 913 BR,38368/2026,MÜRCIO,,AR RECEBIDA EM 06/08/2026 - ENVIADA PARA INSCRIÄéO EM DãVIDA ATIVA EM 28/08/26,,,,,,,
27/07/2026,PA 84/2026,POSTURAS, MARIA AUGUSTA TORRES,086.353.848-73,"4798,08",26/08/2026,BN 676 330 944 BR,38386/2026,LUIZA,,AR RECEBIDA EM 14/08/2026 - ENVIADO PARA INSCRIÄéO EM DãVIDA ATIVA EM 01/10/2026,,,,,,,
27/07/2026,PA 85/2026,POSTURAS, ESPOLIO DE SEBASTIéO PAULINO,257.799.236-04,4998,27/08/2026,BN 676 330 900 BR,38412/2026,LUIZA,,VOLTOU DIA 04/08/2026 - DESCONHECIDO - PUBLICADO EM 17/08/26 - ENVIADO PARA INSCRIÄéO EM DãVIDA ATIVA EM 01/10/2026,,,,,,,
28/07/2026,PA 86/2026,POSTURAS,FIRMA INDIVIDUAL RAYMUNDO DE PAULA DIAS ,19.757.228/0001-59,"5197,92",27/08/2026,BN 676 330 961 BR,38461/2026,MÜRCIO,,VOLTOU DIA 04/08/2026 - DESCONHECIDO - PUBLICADO EM 17/08/26 - ENVIADO PARA INSCRIÄéO EM DãVIDA ATIVA EM 01/10/2026,,,,,,,
28/07/2026,PA 83/2026,POSTURAS,CARLA SOARES SILVA ,082.935.196-57,"3248,7",27/08/2026,BN 676 330 825 BR,38460/2026,LEANDRO,42600/2026,AR RECEBIDA EM 30/07/2026,,,,,,,
28/07/2026,PA 87/2026,POSTURAS,NICIANA DE OLIVEIRA,093.111.386-57,"3498,6",27/08/2026,BN 676 330  975 BR ,38473/2026,LUIZA,45488/2026,AR RECEBIDA EM 30/07/2026,,,,,,,
28/07/2026,PA 88/2026,POSTURAS,SHIRLEY APARECIDA NUNES DE OLIVEIRA ,841.429.796-04,"4798,08",27/08/2026,BN 676 330 935 BR,38519/2026,LUIZA,40873/2026 ,AR RECEBIDA EM 30/07/2026 - ENVIADA PARA INSCRIÄéO EM DãVIDA ATIVA EM 31/08/26,,,,,,,
28/07/2026,PA 89/2026,POSTURAS,CATIA REGINA DE SOUZA,774.510.826-87,,-,-,38523/2026,LUIZA,,CANCELADO POR ERRO DA FISCAL,,,,,,,
28/07/2026,PA 90/2026,POSTURAS,SINTEMD - SIND. DOS TRAB. DA EDUC. M. DE DIVINüPOLIS,08.312.966/0001-76,"1100,7",27/08/2026,-,38606/2026,EVALDO,,FAZENDA QUE ENVIARÜ A GUIA DE PAGAMENTO - ENVIADA PARA INSCRIÄéO EM DãVIDA EM 04/09/26,,,,,,,
28/07/2026,PA 90/2026,POSTURAS,SINTEMD - SIND. DOS TRAB. DA EDUC. M. DE DIVINüPOLIS,08.312.966/0001-76,"1100,7",27/08/2026,-,38606/2026,EVALDO,,FAZENDA QUE ENVIARÜ A GUIA DE PAGAMENTO - ENVIADA PARA INSCRIÄéO EM DãVIDA EM 04/09/26,,,,,,,
28/07/2026,PA 90/2026,POSTURAS,SINTEMD - SIND. DOS TRAB. DA EDUC. M. DE DIVINüPOLIS,08.312.966/0001-76,"1100,7",27/08/2026,-,38606/2026,EVALDO,,FAZENDA QUE ENVIARÜ A GUIA DE PAGAMENTO - ENVIADA PARA INSCRIÄéO EM DãVIDA EM 04/09/26,,,,,,,
28/07/2026,PA 90/2026,POSTURAS,SINTEMD - SIND. DOS TRAB. DA EDUC. M. DE DIVINüPOLIS,08.312.966/0001-76,"1100,7",27/08/2026,-,38606/2026,EVALDO,,FAZENDA QUE ENVIARÜ A GUIA DE PAGAMENTO - ENVIADA PARA INSCRIÄéO EM DãVIDA EM 04/09/26,,,,,,,
28/07/2026,PA 90/2026,POSTURAS,SINTEMD - SIND. DOS TRAB. DA EDUC. M. DE DIVINüPOLIS,08.312.966/0001-76,"1100,7",27/08/2026,-,38606/2026,EVALDO,,FAZENDA QUE ENVIARÜ A GUIA DE PAGAMENTO - ENVIADA PARA INSCRIÄéO EM DãVIDA EM 04/09/26,,,,,,,
28/07/2026,PA 90/2026,POSTURAS,SINTEMD - SIND. DOS TRAB. DA EDUC. M. DE DIVINüPOLIS,08.312.966/0001-76,"1100,7",27/08/2026,-,38606/2026,EVALDO,,FAZENDA QUE ENVIARÜ A GUIA DE PAGAMENTO - ENVIADA PARA INSCRIÄéO EM DãVIDA EM 04/09/26,,,,,,,
28/07/2026,PA 90/2026,POSTURAS,SINTEMD - SIND. DOS TRAB. DA EDUC. M. DE DIVINüPOLIS,08.312.966/0001-76,"1100,7",27/08/2026,-,38606/2026,EVALDO,,FAZENDA QUE ENVIARÜ A GUIA DE PAGAMENTO - ENVIADA PARA INSCRIÄéO EM DãVIDA EM 04/09/26,,,,,,,
28/07/2026,PA 91/2026,POSTURAS,SINTRAM - SIND. DOS TRAB. MUNIC. DE DIVINüPOLIS,20.931.218/0001-77,"1100,7",27/08/2026,-,38600/2026,EVALDO,,FAZENDA QUE ENVIARÜ A GUIA DE PAGAMENTO - ENVIADA PARA INSCRIÄéO EM DãVIDA EM 04/09/26,,,,,,,
28/07/2026,PA 91/2026,POSTURAS,SINTRAM - SIND. DOS TRAB. MUNIC. DE DIVINüPOLIS,20.931.218/0001-77,"1100,7",27/08/2026,-,38600/2026,EVALDO,,FAZENDA QUE ENVIARÜ A GUIA DE PAGAMENTO - ENVIADA PARA INSCRIÄéO EM DãVIDA EM 04/09/26,,,,,,,
28/07/2026,PA 91/2026,POSTURAS,SINTRAM - SIND. DOS TRAB. MUNIC. DE DIVINüPOLIS,20.931.218/0001-77,"1100,7",27/08/2026,-,38600/2026,EVALDO,,FAZENDA QUE ENVIARÜ A GUIA DE PAGAMENTO - ENVIADA PARA INSCRIÄéO EM DãVIDA EM 04/09/26,,,,,,,
28/07/2026,PA 91/2026,POSTURAS,SINTRAM - SIND. DOS TRAB. MUNIC. DE DIVINüPOLIS,20.931.218/0001-77,"1100,7",27/08/2026,-,38600/2026,EVALDO,,FAZENDA QUE ENVIARÜ A GUIA DE PAGAMENTO - ENVIADA PARA INSCRIÄéO EM DãVIDA EM 04/09/26,,,,,,,
28/07/2026,PA 91/2026,POSTURAS,SINTRAM - SIND. DOS TRAB. MUNIC. DE DIVINüPOLIS,20.931.218/0001-77,"1100,7",27/08/2026,-,38600/2026,EVALDO,,FAZENDA QUE ENVIARÜ A GUIA DE PAGAMENTO - ENVIADA PARA INSCRIÄéO EM DãVIDA EM 04/09/26,,,,,,,
28/07/2026,PA 91/2026,POSTURAS,SINTRAM - SIND. DOS TRAB. MUNIC. DE DIVINüPOLIS,20.931.218/0001-77,"1100,7",27/08/2026,-,38600/2026,EVALDO,,FAZENDA QUE ENVIARÜ A GUIA DE PAGAMENTO - ENVIADA PARA INSCRIÄéO EM DãVIDA EM 04/09/26,,,,,,,
28/07/2026,PA 91/2026,POSTURAS,SINTRAM - SIND. DOS TRAB. MUNIC. DE DIVINüPOLIS,20.931.218/0001-77,"1100,7",27/08/2026,-,38600/2026,EVALDO,,FAZENDA QUE ENVIARÜ A GUIA DE PAGAMENTO - ENVIADA PARA INSCRIÄéO EM DãVIDA EM 04/09/26,,,,,,,
28/07/2026,PA 92/2026,POSTURAS,ARLINDO AMARAL DE LACERDA,054.908.636-68,"2906,7",27/08/2026,BN 676 330 856 BR,38615/2026,LUIZ ,,AR RECEBIDA EM 04/08/2026 - ENVIADA PARA INSCRIÄéO EM DãVIDA ATIVA EM 31/08/26,,,,,,,
28/07/2026,PA 92/2026,POSTURAS,ARLINDO AMARAL DE LACERDA,054.908.636-68,"2906,7",27/08/2026,BN 676 330 856 BR,38615/2026,LUIZ,,AR RECEBIDA EM 04/08/2026 - ENVIADA PARA INSCRIÄéO EM DãVIDA ATIVA EM 31/08/26,,,,,,,
28/07/2026,PA 93/2026,POSTURAS,MARIA DA CONCEICAO SILVA,162.603.336-68,"1110,7",28/08/2026,BN 676 330 808 BR,38761/2026,LUIZA,,AR RECEBIDA EM 30/07/2026 - ENVIADA PARA INSCRIÄéO EM DãVIDA ATIVA EM 31/08/26,,,,,,,
28/07/2026,PA 94/2026,POSTURAS,ADALTO JOSE DA SILVA,749.623.886-49,4998,27/08/2026,BN 676 330 895 BR,38667/2026,LUIZA,,AR RECEBIDA EM 05/08/2026 -  ENVIADA PARA INSCRIÄéO EM DãVIDA ATIVA EM 31/08/26,,,,,,,
28/07/2026,PA 95/2026,POSTURAS,ANDRê ALVES PEREIRA ,047.503.766-98,"5997,6",28/08/2026,BN 676 330 811 BR,38764/2026,LUIZA,,"VOLTOU DIA 01/09/2026  - ""NéO PROCURADO"" - PUBLICADO EM 08/09/26 - ENVIADO PARA INSCRIÄéO EM DãVIDA ATIVA EM 01/10/2026",,,,,,,
29/07/2026,PA 98/2026,POSTURAS, PANDA FOMENTO MERCANTIL LTDA,66.202.755/0001-87,"1110,7",28/08/2026,BN 676 330 927 BR,38833/2026,LUIZA,45030/2026,AR RECEBIDA EM 04/08/2026,,,,,,,
29/07/2026,PA 99/2026,POSTURAS,FIRMA INDIVIDUAL NELSON FONSECA,21.496.609/0001-73,4998,28/08/2026,BN 676 330 887 BR,38883/2026,LUIZA,,VOLTOU DIA 03/08/2026 COMO ''ENDEREÄO INSUFICIENTE'' - PUBLICADO EM 17/08/26 -  ENVIADO PARA INSCRIÄéO EM DãVIDA ATIVA EM 16/09/26,,,,,,,
29/07/2026,PA 99/2026,POSTURAS,FIRMA INDIVIDUAL NELSON FONSECA,21.496.609/0001-73,4998,28/08/2026,BN 676 330 887 BR,38883/2026,LUIZA,,VOLTOU DIA 03/08/2026 COMO ''ENDEREÄO INSUFICIENTE'' - PUBLICADO EM 19/08/26 -  ENVIADO PARA INSCRIÄéO EM DãVIDA ATIVA EM 16/09/26,,,,,,,
29/07/2026,PA 101/2026,POSTURAS,GRAN VIVER URBANISMO S/A ,01.464.823/0001/30,"3248,79",28/08/2026,BN 676 330 961 BR,38920/2026,LEANDRO,,VOLTOU DIA 04/08/2026 COMO ''MUDOU-SE'' - PUBLICADO EM 17/08/26 - ENVIADA PARA INSCRIÄéO EM DIVIDA ATIVA EM 11/09/26,,,,,,,
29/07/2026,PA 96/2026,POSTURAS,AGROPECUÜRIA M. O. LTDA ,05.547.557/0001-60,"5997,78",31/08/2026,BN 676 331 180 BR,39032/2026,LEANDRO,51929/2026,AR RECEBIDA EM 06/08/2026 - ENVIADA PARA INSCRIÄéO EM DãVIDA ATIVA EM 02/09/26,,,,,,,
30/07/2026,PA 102/2026,POSTURAS,VRC EMPREENDIMENTOS E PARTICIPAÄôES LTDA ,05.833.654/0001-10,"5997,6",31/08/2026,BN 676 331 091 BR,39028/2026,RåMULO,,AR RECEBIDA EM 04/08/2026 - ENVIADA PARA INSCRIÄéO EM DãVIDA ATIVA EM 02/09/26,,,,,,,
30/07/2026,PA 103/2026,POSTURAS,EDILSON WAGNER DE SOUSA,092.245.826-05,"4798,08",31/08/2026,BN 676 331 145 BR,39034/2026,SABRINA,,"VOLTOU DIA 03/09/2026 COMO ''NéO PROCURADO"" - PUBLICADO EM 08/09/26- ENVIADO PARA INSCRIÄéO EM DãVIDA ATIVA EM 01/10/2026 ",,,,,,,
30/07/2026,PA 89/2026,POSTURAS,FÜBIO JñNIOR RIBEIRO,015.192.946-70,"2998,8",04/09/2026,BN 676 331 131 BR,39037/2026,SABRINA,,AR RECEBIDA EM 03/08/26 - SOLICITADO REDUÄéO DE 50% DEVIDO AO CUMPRIMENTO DA OBRIGAÄéO - ENVIADA PARA INSCRIÄéO EM DIVIDA ATIVA EM 11/09/26,,,,,,,
30/07/2026,PA 59/2026,POSTURAS,ESPOLIO DE JOéO GOMES MAIA,041.563.586-15,"7796,88",31/08/2026,BN 676 331 176 BR,39039/2026,SABRINA,,"VOLTOU DIA 03/09/2026 COMO ''NéO PROCURADO"" - PUBLICADO EM 08/09/26 - ENVIADO PARA INSCRIÄéO EM DãVIDA ATIVA EM 01/10/2026",,,,,,,
30/07/2026,PA 97/2026,POSTURAS,SOLANGE CRUZ DE ARAñJO,741.654.536-68,4998,31/08/2026,BN 676 331 105 BR,39083/2026,LUIZA,47289/2026,AR RECEBIDA EM 21/08/2026,,,,,,,
30/07/2026,PA 104/2026,POSTURAS,JñLIA GONÄALVES RIBEIRO,072.401.846-84,"3665,2",31/08/2026,BN 676 331 057 BR,39212/2026,LUIZA,,AR RECEBIDA EM 03/08/2026 - ENVIADA PARA INSCRIÄéO EM DãVIDA ATIVA EM 02/09/26,,,,,,,
31/07/2026,PA 107/2026,POSTURAS,ANTåNIO CêLIO GONÄALVES,908.636.746-15,"3539,42",31/08/2026,BN 676 331 026 BR,39295/2026,LUIZA,,"VOLTOU DIA 27/08/2026 "" NéO PROCURADO"" -  PUBLICADO EM 31/08/26 - ENVIADO PARA INSCRIÄéO EM DãVIDA ATIVA EM 01/10/2026",,,,,,,
04/08/2026,PA 113/2026,POSTURAS,THIAGO MILAGRE,071.856.086-86,"3248,7",03/09/2026,BN 676 331 321 BR,40035/2026,LEANDRO,41684/2026,AR RECEBIDA EM 05/08/2026,,,,,,,
04/08/2026,PA 106/2026,POSTURAS,JAIME DANIEL OLIVEIRA COSTA,035.721.956-24,"6247,68",03/09/2026,BN 676 331 012 BR,40042/2026,LEANDRO,,VOLTOU DIA 03/08/2026 COMO ''mudou-se'' - PUBLICADO EM 17/08/26 - ENVIADA PARA INSCRIÄéO EM DIVIDA ATIVA EM 11/09/26,,,,,,,
04/08/2026,PA 105/2026,POSTURAS,DONIZETE APARECIDA DE FREITAS,852.637.106-15,"3248,79",03/09/2026,BN 676 331 128 BR,40047/2026,LEANDRO,,AR RECEBIDA EM 20/08/206 - ENVIADA PARA INSCRIÄéO EM DIVIDA ATIVA EM 11/09/26,,,,,,,
04/08/2026,PA 112/2026,POSTURAS,GERO IMOVEIS LTDA,07.375.902/0001-51,"5998,11",03/09/2026,BN 676 331 088 BR,40061/2026,LEANDRO,45215/2026 ,AR RECEBIDA EM 06/08/2026 - ENVIADA PARA INSCRIÄéO EM DãVIDA EM 04/09/26,,,,,,,
04/08/2026,PA 110/2026,POSTURAS,GERO IMOVEIS LTDA,07.375.902/0001-51,"4998,15",03/09/2026,BN 676 331 088 BR,40050/2026,LEANDRO,45068/2026,AR RECEBIDA EM 06/08/2026 - ENVIADA PARA INSCRIÄéO EM DãVIDA EM 04/09/26,,,,,,,
04/08/2026,PA 110/2026,POSTURAS,GERO IMOVEIS LTDA,07.375.902/0001-51,"5346,52",03/09/2026,BN 676 331 088 BR,40050/2026,LEANDRO,,AR RECEBIDA EM 06/08/2026 - ENVIADA PARA INSCRIÄéO EM DãVIDA EM 04/09/26,,,,,,,
04/08/2026,PA 108/2026,POSTURAS,LEONARDO DE RESENDE MIRANDA,066.013.236-24,"4798,08",03/09/2026,BN 676 331 043 BR,40122/2026,RåMULO,43956/2026,AR RECEBIDA EM 06/08/2026,,,,,,,
04/08/2026,PA 109/2026,POSTURAS,TñLIO RIBEIRO SANTOS,101.203.926-90,"6018,42",03/09/2026,BN676 331 009 BR,40123/2026,RåMULO,,VOLTOU DIA 07/08/2026 COMO ''ENDEREÄO INSUFICIENTE'' - PUBLICADO EM 17/08/26 -  ENVIADA PARA INSCRIÄéO EM DIVIDA ATIVA EM 11/09/26,,,,,,,
04/08/2026,PA 111/2026,POSTURAS,ESPOLIO DE ARACI GUIMARéES DO AMARAL,031.390.906-76,"5809,34",03/09/2026,BN 676 331 383 BR,40127/2026,RåMULO,,AR RECEBIDA EM 06/08/2026 - ENVIADA PARA INSCRIÄéO EM DãVIDA EM 04/09/26,,,,,,,
04/08/2026,PA 111/2026,POSTURAS,ESPOLIO DE ARACI GUIMARéES DO AMARAL,031.390.906-76,"5602,25",03/09/2026,BN 676 331 383 BR ,40127/2026,RåMULO,,AR RECEBIDA EM 06/08/2026 - ENVIADA PARA INSCRIÄéO EM DãVIDA EM 04/09/26,,,,,,,
04/08/2026,PA 118/2026,POSTURAS,EUGâNIO MAIA FONTE BOA,357.466.106-15,"4798,08",04/09/2026,BN 676 331 336 BR,40130/2026,LUIZA,,AR RECEBIDA EM 06/08/2026 - ENVIADA PARA INSCRIÄéO EM DãVIDA EM 04/09/26,,,,,,,
04/08/2026,PA 119/2026,POSTURAS,FERNANDO VILELA FONSECA,555.018.710-84,"3998,4",04/09/2026,BN 676 331 278 BR ,40136/2026,LUIZA,,AR RECEBIDA EM 07/08/2026 PELO SITE DO CORREIO - ENVIADO PARA INSCRIÄéO EM DãVIDA ATIVA EM 01/10/2026,,,,,,,
04/08/2026,PA 122/2026,POSTURAS,EDUARDO TARCãSIO OLIVEIRA DO AMARAL,069.422.256-90,"5997,6",04/09/2026,BN 676 331 318 BR,40139/2026,MÜRCIO,,VOLTOU DIA 10/08/2026 COMO ''desconhecido'' - PUBLICADO EM 17/08/26 -  ENVIADA PARA INSCRIÄéO EM DIVIDA ATIVA EM 11/09/26,,,,,,,
04/08/2026,AI 216/2026 - PA 41/2026,POSTURAS,AGRODIL PRODUTOS AGROPECUÜRIOS LTDA,02.751.316/0001-40,"2221,4",03/09/2026,BN 676 331 370 BR,40030/2026,MARIELLE,,AR RECEBIDA EM 08/08/26,,,,,,,
04/08/2026,PA 123/2026,POSTURAS, MARIA APARECIDA DOS REIS MARÄAL,389.849.036-04,"5497,8",04/09/2026,BN 676 331 352 BR,40140/2026,LUIZA,44892/2026,AR RECEBIDA EM 06/08/2026,,,,,,,
04/08/2026,PA126/2026,POSTURAS, AMAURI DE SOUZA SIMôES, 107.527.686-11,"4798,08",04/09/2026,BN 676 331 281 BR,40304/2026,LUIZA,43479/2026,AR RECEBIDA EM 06/08/2026 -  ENVIADA PARA INSCRIÄéO EM DãVIDA EM 08/09/26,,,,,,,
04/08/2026,PA 127/2026,POSTURAS, AFONSO CORNêLIO MORAIS LAMOUNIER, 008.247.716-72,"4798,08",04/09/2026,BN 676 331 295 BR,40307/2026,LUIZA,42525/2026,AR RECEBIDA EM 10/08/2026,,,,,,,
04/08/2026,PA 128/2026,POSTURAS, SUPER MIL AUTO POSTO LTDA,37.666.322/0001-84,4998,04/09/2026,BN 676 331 233 BR,40179/2026,LUIZA,,VOLTOU DIA 07/08/2026 COMO ''ENDEREÄO INSUFICIENTE'' - PUBLICADO EM 17/08/26 - ENVIADO PARA INSCRIÄéO EM DãVIDA ATIVA EM 01/10/2026,,,,,,,
04/08/2026,PA 124/2026,POSTURAS,SIDERVALE LTDA ,20.883.625/0001-56,"58476,6",04/09/2026,BN 676 331 335 BR,40194/2026,MÜRCIO,,"VOLTOU DIA 01/09/2026  - ""NéO PROCURADO"" - PUBLICADO EM 08/09/26 - ENVIADO PARA INSCRIÄéO EM DãVIDA ATIVA EM 01/10/2026",,,,,,,
04/08/2026,PA 129/2026,POSTURAS,KILDARE COELHO LEMOS ,626.065.306-91,"24690,12",04/09/2026,BN 676 331 349 BR,40186/2026,MÜRCIO,,AR RECEBIDA EM 07/08/2026 - ENVIADA PARA INSCRIÄéO EM DãVIDA EM 08/09/26,,,,,,,
04/08/2026,PA 115/2026,POSTURAS,THIAGO MILAGRE,071.856.086-86,"3248,7",04/09/2026,BN 676 331 321 BR,40315/2026,LEANDRO,41685/2026,AR RECEBIDA EM 05/08/2026,,,,,,,
04/08/2026,PA 121/2026,POSTURAS,ERNANE RODRIGUES DE OLIVEIRA,176.160.426-00,"5547,94",04/09/2026,BN 676 331 247 BR, 40327/2026,LEANDRO,45443/2026,AR RECEBIDA EM 06/08/2026,,,,,,,
04/08/2026,PA 121/2026,POSTURAS,ERNANE RODRIGUES DE OLIVEIRA,176.160.426-00,"5547,94",04/09/2026,BN 676 331 247 BR, 40327/2026,LEANDRO,45443/2026,AR RECEBIDA EM 06/08/2026,,,,,,,
04/08/2026,PA 116/2026,POSTURAS,LUCAS SILVA GONTIJO,073.375.046-08,"6139,39",04/09/2026,BN 676 331 304 BR,40330/2026,LEANDRO,49931/2026,AR RECEBIDO EM 07/08/2026,,,,,,,
05/08/2026,PA 133/2026,POSTURAS, DANIELA REGINA OLIVEIRA REIS, 049.666.156-66,4998,04/09/2026,BN 676 331 202 BR,40346/2026,LUIZA,,AR RECEBIDA EM 31/08/2026 -  ENVIADA PARA INSCRIÄéO EM DIVIDA ATIVA EM 11/09/26,,,,,,,
05/08/2026,PA 135/2026,POSTURAS, LAFAIETE ANTåNIO SANTOS, 294.185.696-04,4998,04/09/2026,BN 676 336 045 BR,40352/2026,LUIZA,,"VOLTOU DIA 18/08/2026 COMO ''DESCONHECIDO"" - PUBLICADO EM 24/08/26 - ENVIADO PARA INSCRIÄéO EM DãVIDA ATIVA EM 01/10/2026",,,,,,,
05/08/2026,PA134/2026,POSTURAS,PAULO ROBERTO GONÄALVES,518.424.246-53,"48780,48",04/09/2026,BN 676 331 255 BR,40358/2026,MÜRCIO,,VOLTOU DIA 11/08/2026 COMO ''MUDOU-SE'' - PUBLICADO EM 21/08/26 - ENVIADA PARA INSCRIÄéO EM DIVIDA ATIVA EM 11/09/26,,,,,,,
05/08/2026,PA 136/2026,POSTURAS,ANNA MARIA DE JESUS,519.500.496-04,4998,04/09/2026,BN 676 331 216 BR,40361/2026,MÜRCIO,46937/2026 ,AR RECEBIDA EM 18/08/2026 -  ENVIADA PARA INSCRIÄéO EM DIVIDA ATIVA EM 11/09/26,,,,,,,
05/08/2026,PA 138/2026,POSTURAS, CASSIA ROSÜLIA ANDRADE,64.653.906-63,4998,04/09/2026,BN 676 331 220 BR,40366/2026,LUIZA,,AR RECEBIDA EM 20/08/2026 - ENVIADA PARA INSCRIÄéO EM DIVIDA ATIVA EM 11/09/26,,,,,,,
05/08/2026,PA 140/2026,POSTURAS,RENATA LOPES MOREIRA,008.356.726-70,4998,04/09/2026,BN 676 331 264 BR,40370/2026,MÜRCIO,44541/2026,AR RECEBIDA EM 19/08/2026 - DEFESA EM ABERTO,,,,,,,
05/08/2026,PA 141/2026,POSTURAS,MARIA FABIANA SOTERO ,356.892.506-00,4998,04/09/2026,BN 676 336 160 BR,40493/2026,MÜRCIO,46707/2026,AR RECEBIDA EM 20/08/2026,,,,,,,
05/08/2026,PA 142/2026,POSTURAS, JHON WEBERT DA SILVA,071.074.926-08,4998,04/09/2026,BN 676 336 125 BR,40497/2026,LUIZA,,AR RECEBIDA EM  17/08/2026 - ENVIADA PARA INSCRIÄéO EM DIVIDA ATIVA EM 11/09/26,,,,,,,
05/08/2026,PA 143/2026,POSTURAS,FERNANDA APARECIDA FERREIRA DA CRUZ,101.153.486-03,4998,04/09/2026,BN 676 336 085 BR,40520/2026,MÜRCIO,45644/2026,AR RECEBIDA EM  17/08/2026,,,,,,,
05/08/2026,PA 144/2026,POSTURAS,JOSê BERNARDO GENEROSO DA SILVA,295.981.336-72,"1110,7",04/09/2026,BN 676 336 173 BR,40513/2026,LUIZA,,AR RECEBIDA EM  17/08/2026 - ENVIADA PARA INSCRIÄéO EM DIVIDA ATIVA EM 11/09/26,,,,,,,
05/08/2026,PA 145/2026,POSTURAS, ROPARTE CONSTRUTORA E NEGüCIOS LTDA,31.106.272/0001-02,4998,04/09/2026,BN 676 336 139 BR,40523/2026,LUIZA,,VOLTOU DIA 13/08/2026 COMO ''FALTA APARTAMENTO'' - PUBLICADO EM 21/08/26 - ENVIADA PARA INSCRIÄéO EM DIVIDA ATIVA EM 11/09/26,,,,,,,
06/08/2026,PA 157/2026,POSTURAS,ALIDIANA APARECIDA BORGES LIDUARIO,075.390.206-01 ,"4198,32",08/09/2026,BN 676 336 195 BR,40857/2026,LUIZA,,VOLTOU DIA 12/08/2026 COMO ''RECUSADO'' - PUBLICADO EM 21/08/26 - ENVIADA PARA INSCRIÄéO EM DIVIDA ATIVA EM 11/09/26,,,,,,,
06/08/2026,PA 159/2026,POSTURAS,ANTåNIO CLARET DOS SANTOS,823.384.508-68,"1110,7",08/09/2026,BN 676 336 142 BR,40831/2026,LUIZA,,AR RECEBIDA EM 13/08/2026 - ENVIADA PARA INSCRIÄéO EM DIVIDA ATIVA EM 11/09/26,,,,,,,
06/08/2026,PA 155/2026,POSTURAS,CENTRO-OESTE PARTICIPAÄôES E INVESTIMENTOS LTDA,07.098.956/0001-17,"4198,32",08/09/2026,BN 676 336 054 BR,40863/2026,MARCIO,,VOLTOU DIA 11/08/2026 COMO ''MUDOU-SE'' - PUBLICADO EM 21/08/26 - ENVIADA PARA INSCRIÄéO EM DIVIDA ATIVA EM 11/09/26,,,,,,,
06/08/2026,PA 155/2026,POSTURAS,CENTRO-OESTE PARTICIPAÄôES E INVESTIMENTOS LTDA,07.098.956/0001-17,"4198,32",08/09/2026,BN 676 336 054 BR,40863/2026,MARCIO,,VOLTOU DIA 11/08/2026 COMO ''MUDOU-SE'' - PUBLICADO EM 21/08/26 - ENVIADA PARA INSCRIÄéO EM DIVIDA ATIVA EM 11/09/26,,,,,,,
06/08/2026,PA 155/2026,POSTURAS,CENTRO-OESTE PARTICIPAÄôES E INVESTIMENTOS LTDA,07.098.956/0001-17,"4198,32",08/09/2026,BN 676 336 054 BR,40863/2026,MARCIO,,VOLTOU DIA 11/08/2026 COMO ''MUDOU-SE'' - PUBLICADO EM 21/08/26 - ENVIADA PARA INSCRIÄéO EM DIVIDA ATIVA EM 11/09/26,,,,,,,
06/08/2026,PA 155/2026,POSTURAS,CENTRO-OESTE PARTICIPAÄôES E INVESTIMENTOS LTDA,07.098.956/0001-17,"4198,32",08/09/2026,BN 676 336 054 BR,40863/2026,MARCIO,,VOLTOU DIA 11/08/2026 COMO ''MUDOU-SE'' - PUBLICADO EM 21/08/26 - ENVIADA PARA INSCRIÄéO EM DIVIDA ATIVA EM 11/09/26,,,,,,,
06/08/2026,PA 155/2026,POSTURAS,CENTRO-OESTE PARTICIPAÄôES E INVESTIMENTOS LTDA,07.098.956/0001-17,"4198,32",08/09/2026,BN 676 336 054 BR,40863/2026,MARCIO,,VOLTOU DIA 11/08/2026 COMO ''MUDOU-SE'' - PUBLICADO EM 21/08/26 - ENVIADA PARA INSCRIÄéO EM DIVIDA ATIVA EM 11/09/26,,,,,,,
06/08/2026,PA 155/2026,POSTURAS,CENTRO-OESTE PARTICIPAÄôES E INVESTIMENTOS LTDA,07.098.956/0001-17,"4198,32",08/09/2026,BN 676 336 054 BR,40863/2026,MARCIO,,VOLTOU DIA 11/08/2026 COMO ''MUDOU-SE'' - PUBLICADO EM 21/08/26 - ENVIADA PARA INSCRIÄéO EM DIVIDA ATIVA EM 11/09/26,,,,,,,
06/08/2026,PA 155/2026,POSTURAS,CENTRO-OESTE PARTICIPAÄôES E INVESTIMENTOS LTDA,07.098.956/0001-17,"4198,32",08/09/2026,BN 676 336 054 BR,40863/2026,MARCIO,,VOLTOU DIA 11/08/2026 COMO ''MUDOU-SE'' - PUBLICADO EM 21/08/26 - ENVIADA PARA INSCRIÄéO EM DIVIDA ATIVA EM 11/09/26,,,,,,,
06/08/2026,PA 155/2026,POSTURAS,CENTRO-OESTE PARTICIPAÄôES E INVESTIMENTOS LTDA,07.098.956/0001-17,"4778,25",08/09/2026,BN 676 336 054 BR,40863/2026,MARCIO,,VOLTOU DIA 11/08/2026 COMO ''MUDOU-SE'' - PUBLICADO EM 21/08/26 - ENVIADA PARA INSCRIÄéO EM DIVIDA ATIVA EM 11/09/26,,,,,,,
06/08/2026,PA 155/2026,POSTURAS,CENTRO-OESTE PARTICIPAÄôES E INVESTIMENTOS LTDA,07.098.956/0001-17,"5014,99",08/09/2026,BN 676 336 054 BR,40863/2026,MARCIO,,VOLTOU DIA 11/08/2026 COMO ''MUDOU-SE'' - PUBLICADO EM 21/08/26 - ENVIADA PARA INSCRIÄéO EM DIVIDA ATIVA EM 11/09/26,,,,,,,
06/08/2026,PA 155/2026,POSTURAS,CENTRO-OESTE PARTICIPAÄôES E INVESTIMENTOS LTDA,07.098.956/0001-17,"5246,9",08/09/2026,BN 676 336 054 BR,40863/2026,MARCIO,,VOLTOU DIA 11/08/2026 COMO ''MUDOU-SE'' - PUBLICADO EM 21/08/26 - ENVIADA PARA INSCRIÄéO EM DIVIDA ATIVA EM 11/09/26,,,,,,,
06/08/2026,PA 137/2026,POSTURAS,CEMIG DISTRIBUIÄéO S.A,06.981.180/0001-16,"1110,7",,,41208/2026,MARIELLE,,FAZENDA QUE ENVIARÜ A GUIA DE PAGAMENTO,,,,,,,
06/08/2026,PA 132/2026,POSTURAS,JOAQUIM NOGUEIRA MAIA,003.998.766-34,"4998,15",08/09/2026,BN 676 336 187 BR,41204/2026,SANDRA,,AR RECEBIDA EM 14/08/2026 - ENVIADA PARA INSCRIÄéO EM DIVIDA ATIVA EM 11/09/26,,,,,,,
06/08/2026,PA 132/2026,POSTURAS,JOAQUIM NOGUEIRA MAIA,003.998.766-34,"1110,7",08/09/2026,BN 676 336 187 BR,41204/2026,SANDRA,,AR RECEBIDA EM 14/08/2026 - ENVIADA PARA INSCRIÄéO EM DIVIDA ATIVA EM 11/09/26,,,,,,,
06/08/2026,PA 152/2026,POSTURAS,SUNRISE PARTICIPAÄôES LTDA,04.373.256/0001-03,16660,,,41285/2026,LUIZ,,FAZENDA QUE ENVIARÜ A GUIA DE PAGAMENTO - ENVIADA PARA INSCRIÄéO EM DIVIDA ATIVA EM 11/09/26,,,,,,,
06/08/2026,PA 152/2026,POSTURAS,SUNRISE PARTICIPAÄôES LTDA,04.373.256/0001-03,"2776,75",,,41285/2026,LUIZ,,FAZENDA QUE ENVIARÜ A GUIA DE PAGAMENTO - ENVIADA PARA INSCRIÄéO EM DIVIDA ATIVA EM 11/09/26,,,,,,,
06/08/2026,PA 152/2026,POSTURAS,SUNRISE PARTICIPAÄôES LTDA,04.373.256/0001-03,"2776,75",,,41285/2026,LUIZ,,FAZENDA QUE ENVIARÜ A GUIA DE PAGAMENTO - ENVIADA PARA INSCRIÄéO EM DIVIDA ATIVA EM 11/09/26,,,,,,,
06/08/2026,PA 147/2026,POSTURAS,SOCIEDADE COLUMBOLFILA DE DIVINOPOLIS,03.815.690/0001-25 ,"4798,08",08/09/2026,BN 676 336 023 BR,41298/2026,LUIZA,,"VOLTOU DIA 12/08/2026 COMO ''DESCONHECIDO"" - PUBLICADO EM 21/08/26 - ENVIADA PARA INSCRIÄéO EM DIVIDA ATIVA EM 11/09/26",,,,,,,
06/08/2026,PA 146/2026,POSTURAS,ESPüLIO DE VIRGILIO INÜCIO DA CUNHA,016.845.406-82,"1110,7",,,41392/2026,SANDRA,,FAZENDA QUE ENVIARÜ A GUIA DE PAGAMENTO - ENVIADA PARA INSCRIÄéO EM DIVIDA ATIVA EM 11/09/26,,,,,,,
06/08/2026,PA 151/2026,POSTURAS,JAQUES JEOVANI DA FONSECA ,590.765.696-49 ,"6997,2",09/09/2026,BN 676 336 261 BR,41413/2026,LUIZA,,"VOLTOU DIA 12/08/2026 COMO ''DESCONHECIDO""- PUBLICADO EM 21/08/26 - ENVIADA PARA INSCRIÄéO EM DIVIDA ATIVA EM 16/09/26",,,,,,,
06/08/2026,PA 156/2026,POSTURAS,BIANCA REIS FERREIRA,083.151.746-81,"3665,2",09/09/2026,BN 676 336 244 BR,41416/2026,RåMULO,,"VOLTOU DIA 15/09/2026 ""NéO PROCURADO"" - PUBLICADO EM 18/09/26",,,,,,,
06/08/2026,PA 150/2026,POSTURAS,MICHELINE DE MELO MAXIMIANO ALVES,008.406.686-51,"3665,2",09/09/2026,BN 676 336 258 BR,41420/2026,RåMULO,,AR RECEBIDA EM 24/08/2026 - ENVIADA PARA INSCRIÄéO EM DIVIDA ATIVA EM 16/09/26,,,,,,,
06/08/2026,PA 153/2026,POSTURAS,JANUZA APARECIDA CAMARGOS,019.610.546-39,"3665,2",09/09/2026,BN 676 336 363 BR,41424/2026,RåMULO,,AR RECEBIDA EM  18/08/2026 - ENVIADA PARA INSCRIÄéO EM DIVIDA ATIVA EM 16/09/26,,,,,,,
06/08/2026,PA 154/2026,POSTURAS, EMPREENDIMENTOS IMOBILIARIOS MAIA LTDA,24.613.327/0001-05,"3665,2",09/09/2026,BN 676 355 243 BR,41432/2026,RåMULO,51081/2026 ,AR RECEBIDA EM 18/08/2026 - ENVIADA PARA INSCRIÄéO EM DIVIDA ATIVA EM 16/09/26,,,,,,,
06/08/2026,PA 131/2026,POSTURAS,GREGORY PATRICK CARVALHO TAVARES,015.947.486-83,"5997,6",09/09/2026,BN 676 336 377 BR,41437/2026,SABRINA,,VOLTOU DIA 12/08/2026 COMO ''NéO EXISTE NUMERO INDICADO'' - PUBLICADO EM 21/08/26 - ENVIADA PARA INSCRIÄéO EM DIVIDA ATIVA EM 16/09/26,,,,,,,
06/08/2026,PA 120/2026,POSTURAS,JOSE AUGUSTO RIBEIRO FILHO,472.993.986-72,"5997,6",09/09/2026,BN 676 336 385 BR,41442/2026,SABRINA,,AR RECEBIDA EM  18/08/2026 -  ENVIADA PARA INSCRIÄéO EM DIVIDA ATIVA EM 16/09/26,,,,,,,
06/08/2026,PA 114/2026,POSTURAS,NEIDE ISABEL GONTIJO ANDRADE,433.314.406-04,"5131,28",09/09/2026,BN 676 336 394 BR,41445/2026,SABRINA,,AR RECEBIDA EM 14/08/2026 -  ENVIADA PARA INSCRIÄéO EM DIVIDA ATIVA EM 16/09/26,,,,,,,
06/08/2026,PA 149/2026,POSTURAS,ADENIS APARECIDA GOMES,930.187.976-04,"8396,64",09/09/2026,BN 676 336 200 BR,41447/2026,SABRINA,43557/2026,VOLTOU DIA 12/08/2026 COMO ''DESCONHECIDO'' - PUBLICADO EM 21/08/26,,,,,,,
06/08/2026,PA 148/2026,POSTURAS,IRACI GOMES,154.986.976-00,"8396,64",09/09/2026,BN 676 336 315 BR,41462/2026,SABRINA,,AR RECEBIDA EM 13/08/2026 - ENVIADA PARA INSCRIÄéO EM DIVIDA ATIVA EM 16/09/26,,,,,,,
06/08/2026,PA160/2026,POSTURAS,JMC CONSULTORIA AGROINDUSTRIAL S.A,14.773.049/0001-91,"5997,6",09/09/2026,BN 676 336 329 BR,41548/2026,LUIZ,,AR RECEBIDA EM 19/08/2026 -  ENVIADA PARA INSCRIÄéO EM DIVIDA ATIVA EM 16/09/26,,,,,,,
06/08/2026,PA 162/2026,POSTURAS,JMC CONSULTORIA AGROINDUSTRIAL S.A,14.773.049/0001-91,"5997,6",09/09/2026,BN 676 336 329 BR,41552/2026,LUIZ,,AR RECEBIDA EM 19/08/2026 -  ENVIADA PARA INSCRIÄéO EM DIVIDA ATIVA EM 16/09/26,,,,,,,
06/08/2026,PA 161/2026,POSTURAS,SILVIO CELESTINO DA CRUZ JñNIOR, 136.395.866-62,"5997,6",09/09/2026,BN 676 336 332 BR,41510/2026,LUIZA,,VOLTOU DIA 12/08/2026 COMO ''ENDEREÄO INSUFICIENTE'' - PUBLICADO EM 21/08/26 - ENVIADA PARA INSCRIÄéO EM DIVIDA ATIVA EM 16/09/26,,,,,,,
06/08/2026,PA 163/2026,POSTURAS,SUELI ELISABETE DIAS, 584.689.356-20,4998,09/09/2026,BN 676 336 346 BR,41516/2026,LUIZA,53428/2026,AR RECEBIDA 19/08/2026 - ENVIADA PARA INSCRIÄéO EM DIVIDA ATIVA EM 16/09/26,,,,,,,
06/08/2026,PA 169/2026,POSTURAS,FIRMA INDIVIDUAL NELSON FONSECA,21.496.609/0001-73,4998,09/09/2026,BN 676 355 209 BR,41525/2026,LUIZA,,"VOLTOU DIA 14/08/2026 COMO ''ENDEREÄO INSUFICIENTE"" - PUBLICADO EM 24/08/26 - ENVIADO PARA INSCRIÄéO EM DIVIDA ATIVA EM 16/09/26",,,,,,,
06/08/2026,PA 172/2026,POSTURAS, ADERLANE AMARAL ALVES,040.868.436-41,4998,09/09/2026,BN 676 336 350 BR,41531/2026,LUIZA,,"VOLTOU DIA 12/08/2026 COMO ''ENDEREÄO INSUFICIENTE"" -'' - PUBLICADO EM 21/08/26 - ENVIADA PARA INSCRIÄéO EM DIVIDA ATIVA EM 16/09/26",,,,,,,
10/08/2026,PA 176/2026,POSTURAS,ALLAN BONFIM FERRETI , 062.099.246-89,"5997,6",09/09/2026,BN 676 336 235 BR,41534/2026,LUIZA,46528/2026 ,AR RECEBIDA EM  17/08/2026,,,,,,,
10/08/2026,PA 176/2026,POSTURAS,ALLAN BONFIM FERRETI , 062.099.246-89,"5997,6",09/09/2026,BN 676 336 235 BR,41534/2026,LUIZA,46528/2026 ,AR RECEBIDA EM  17/08/2026,,,,,,,
10/08/2026,PA 179/2026,POSTURAS,EDIMAR OLIVIO FRANCISCO DE SOU,603.686.166-49,"1110,7",09/09/2026,BN 676 336 227 BR,41536/2026,LUIZA,,AR RECEBIDA EM  13/08/2026 -  ENVIADA PARA INSCRIÄéO EM DIVIDA ATIVA EM 16/09/26,,,,,,,
10/08/2026,PA 180/2026,POSTURAS, SILVIO RAIMUNDO GRECO MICHELINI ,195.567.566-04,4998,09/09/2026,BN 676 336 213 BR,41542/2026,LUIZA,46953/2026 ,AR RECEBIDA EM 25/08/2026,,,,,,,
10/08/2026,PA 180/2026,POSTURAS, SILVIO RAIMUNDO GRECO MICHELINI ,195.567.566-04,4998,09/09/2026,BN 676 336 213 BR,41542/2026,LUIZA,46953/2026 ,AR RECEBIDA EM 25/08/2026,,,,,,,
10/08/2026,PA 171/2026,POSTURAS,MARIA DAS DORES SILVA,016.850.316-68,"5997,6",09/09/2026,BN 676 336 425 BR,41572/2026,RåMULO,,AR RECEBIDA EM 14/08/2026 - ENVIADA PARA INSCRIÄéO EM DIVIDA ATIVA EM 16/09/26,,,,,,,
10/08/2026,PA 177/2026,POSTURAS,VALTER QUEIROZ DE SOUZA,014.248.276-55,4998,09/09/2026,BN 676 336 434 BR,41576/2026,RåMULO,,AR RECEBIDA EM 13/08/2026 - ENVIADA PARA INSCRIÄéO EM DIVIDA ATIVA EM 16/09/26,,,,,,,
10/08/2026,PA 175/2026,POSTURAS,CARLOS JOSê TEIXEIRA,718.112.226-68,4998,10/09/2026,BN 676 355 257 BR,41719/2026,RåMULO,,"VOLTOU DIA 15/09/2026 ""NéO PROCURADO"" - PUBLICADO EM 18/09/26",,,,,,,
10/08/2026,PA 174/2026,POSTURAS,ALEXANDRA GONTIJO GOMES,046.244.036-22,4998,10/09/2026,BN 676 355 265 BR,41721/2026,RåMULO,,AR RECEBIDA EM  18/08/2026 - ENVIADA PARA INSCRIÄéO EM DIVIDA ATIVA EM 16/09/26,,,,,,,
10/08/2026,PA 125/2026,POSTURAS,HARDEREN INDUSTRIA COMERCIO IMPORT. E  EXPIOR.,28.573.375/0001-60,"4448,35",10/09/2026,BN 676 355 274 BR,41759/2026,REGINA,,"VOLTOU DIA 15/09/2026 ""NéO PROCURADO"" - PUBLICADO EM 18/09/26 - ",,,,,,,
27/08/2026,PA 170/2026,POSTURAS,MASSA FALIDA DE FUNDIVALE FUNDICAO VALE DO ITAPC.,20.883.625/0001-56,4998,28/09/2026,BN 676 336 655 BR,45401/2026,MÜRCIO,,"AR VOLTOU EM 24/09/2026 ""NéO PROCURADO"" - PUBLICADO EM 28/09/26",,,,,,,
27/08/2026,PA 170/2026,POSTURAS,MASSA FALIDA DE FUNDIVALE FUNDICAO VALE DO ITAPC.,20.883.625/0001-56,4998,28/09/2026,BN 676 336 655 BR,45401/2026,MÜRCIO,,"AR VOLTOU EM 24/09/2026 ""NéO PROCURADO"" - PUBLICADO EM 28/09/26",,,,,,,
27/08/2026,PA 170/2026,POSTURAS,MASSA FALIDA DE FUNDIVALE FUNDICAO VALE DO ITAPC.,20.883.625/0001-56,"4698,12",28/09/2026,BN 676 336 655 BR,45401/2026,MÜRCIO,,"AR VOLTOU EM 24/09/2026 ""NéO PROCURADO"" - PUBLICADO EM 28/09/26",,,,,,,
27/08/2026,PA 170/2026,POSTURAS,MASSA FALIDA DE FUNDIVALE FUNDICAO VALE DO ITAPC.,20.883.625/0001-56,"4698,12",28/09/2026,BN 676 336 655 BR,45401/2026,MÜRCIO,,"AR VOLTOU EM 24/09/2026 ""NéO PROCURADO"" - PUBLICADO EM 28/09/26",,,,,,,
27/08/2026,PA 170/2026,POSTURAS,MASSA FALIDA DE FUNDIVALE FUNDICAO VALE DO ITAPC.,20.883.625/0001-56,4998,28/09/2026,BN 676 336 655 BR,45401/2026,MÜRCIO,,"AR VOLTOU EM 24/09/2026 ""NéO PROCURADO"" - PUBLICADO EM 28/09/26",,,,,,,
10/08/2026,PA 139/2026,POSTURAS,PENIDO & CIA LTDA,09.100.197/0001-05,"4165,12",10/09/2026,BN 676 355 288 BR,41748/2026,LEANDRO,,"AR VOLTOU EM 25/09/2026 ""NéO PROCURADO'' - PUBLICADO EM 01/10/2026",,,,,,,
10/08/2026,PA 168/2026,POSTURAS,ERLON GONÄALVES BEIRIGO,634.917.296-53,"2975,89",10/09/2026,BN 676 355 291 BR,41751/2026,LEANDRO,44096/2026,AR RECEBIDA EM  17/08/2026,,,,,,,
10/08/2026,PA 165/2026,POSTURAS,APORTHE PARTICIPAÄôES LTDA,03.086.335/0001-62,"6670,86",10/09/2026,BN 676 355 314 BR,41755/2026,LEANDRO,,"VOLTOU DIA 18/08/2026 COMO ''MUDOU-SE"" - PUBLICADO EM 26/08/26 - ENVIADA PARA INSCRIÄéO EM DIVIDA ATIVA EM 22/09/26",,,,,,,
10/08/2026,PA 158/2026,POSTURAS,CASSIANA DA SILVA CARDOSO,138.189.328-75,"3248,79",10/09/2026,BN 676 355 212 BR,41763/2026,LEANDRO,,"VOLTOU DIA 15/09/2026 ""NéO PROCURADO"" - PUBLICADO EM 18/09/26 - ENVIADA PARA INSCRIÄéO EM DIVIDA ATIVA EM 22/09/26",,,,,,,
11/08/2026,PA 173/2026,POSTURAS,JOSE LUCIANO PEREIRA,044.533.446-00,"4748,24",14/09/2026,BN 676 355 328 BR,42385/2026,SANDRA,46935/2026,AR RECEBIDA EM 17/08/2026,,,,,,,
11/08/2026,PA 181/2026,POSTURAS,DORVALINO ANTONIO PEREIRA,296.068.026-04,"6497,59",14/09/2026,BN 676 355 359 BR,42408/2026,SANDRA,,"VOLTOU DIA 14/08/2026 COMO ''DESCONHECIDO"" - PUBLICADO EM 24/08/26 - ENVIADA PARA INSCRIÄéO EM DIVIDA ATIVA EM 22/09/26",,,,,,,
11/08/2026,PA 187/2026,POSTURAS,JOéO PAULO PEREIRA GONTIJO,109.026.576-07,"4799,33",14/09/2026,BN 676 355 331 BR,42412/2026,LUIZ,44828/2026,AR RECEBIDA EM 18/08/2026,,,,,,,
11/08/2026,PA 185/2026,POSTURAS,REGINALDO ROGERIO RESENDE ,060.379.186-78,"5997,6",14/09/2026,BN 676 355 345 BR,42416/2026,SABRINA,,AR RECEBIDA EM  18/08/2026 - ENVIADA PARA INSCRIÄéO EM DIVIDA ATIVA EM 22/09/26,,,,,,,
11/08/2026,PA 184/2026,POSTURAS,TANIZE MOREIRA REIS,324.762.212-87,"5997,6",14/09/2026,BN 676 351 635 BR,42434/2026,SABRINA,,"VOLTOU DIA 21/08/2026 COMO ''DESCONHECIDO"" - PUBLICADO EM 28/08/26 - ENVIADA PARA INSCRIÄéO EM DIVIDA ATIVA EM 22/09/26",,,,,,,
11/08/2026,PA 167/2026,POSTURAS,MARIETE FATIMA DE CARVALHO,985.368.776-34,"5997,6",14/09/2026,BN 676 351 516 BR,42635/2026,SABRINA,,"VOLTOU DIA 21/08/2026 ""NéO EXISTE ENDEREÄO"" - PUBLICADO EM 28/08/26 - ENVIADA PARA INSCRIÄéO EM DIVIDA ATIVA EM 22/09/26",,,,,,,
11/08/2026,PA 166/2026,POSTURAS,CONSTRUTORA FORTALEZA LTDA,16.616.104/0001-65,"5364,52",14/09/2026,BN 676 351 502 BR,42636/2026,SABRINA,,"VOLTOU DIA 27/08/2026 "" DESCONHECIDO"" -  PUBLICADO EM 31/08/26 - ENVIADA PARA INSCRIÄéO EM DIVIDA ATIVA EM 22/09/26",,,,,,,
11/08/2026,PA 189/2026,POSTURAS,RODRIGO ARAUJO,008.419.286-06,"3665,2",14/09/2026,BN 676 351 493 BR,42674/2026,RåMULO,45670/2026,AR RECEBIDA EM 21/08/2026,,,,,,,
11/08/2026,PA 190/2026,POSTURAS,RODRIGO ARAUJO,008.419.286-06,"3665,2",14/09/2026,BN 676 351 493 BR,42676/2026,RåMULO,45670/2026,AR RECEBIDA EM 21/08/2026,,,,,,,
11/08/2026,PA 186/2026,POSTURAS,EBRON APARECIDO DA SILVA,039.649.466-80,4998,14/09/2026,BN 676 351 480 BR,42680/2026,RåMULO,,"VOLTOU DIA 21/08/2026 COMO ''DESCONHECIDO"" - PUBLICADO EM 28/08/26 - ENVIADA PARA INSCRIÄéO EM DIVIDA ATIVA EM 22/09/26",,,,,,,
11/08/2026,PA 183/2026,POSTURAS,FRANCISCO BRAZ DE ANDRADE ,216.816.356-15,4998,14/09/2026,BN 676 351 445 BR,42689/2026,RåMULO,,"VOLTOU DIA 21/08/2026 COMO ''ENDEREÄO INSUFICIENTE"" - PUBLICADO EM 28/08/26 -  ENVIADA PARA INSCRIÄéO EM DIVIDA ATIVA EM 22/09/26",,,,,,,
12/08/2026,PA 198/2026,POSTURAS,CASSIA REGINA NOGUEIRA CAMPOS,326.807.836-20,"7049,84",14/09/2026,BN 676 351 459 BR,42691/2026,JOéO,49373/2026,AR RECEBIDA EM 26/08/2026,,,,,,,
12/08/2026,PA 194/2026,POSTURAS,G & B EMPREENDIMENTOS IMOBILIARIOS LTDA,20.888.087/0001-92,"5497,8",14/09/2026,BN 676 351 462 BR,42692/2026,JOéO,44773/2026,AR RECEBIDA EM 21/08/2026,,,,,,,
12/08/2026,PA 201/2026,POSTURAS,GERALDINA APARECIDA DOS SANTOS GOMES,163.169.688-25,"1110,7",14/09/2026,BN 676 351 476 BR,42694/2026,JOéO,46728/2026,AR RECEBIDO EM 21/08/2026,,,,,,,
12/08/2026,PA 195/2026,POSTURAS,LEANDRO DA MOTA DE FREITAS,060.179.616-08,"4398,37",14/09/2026,BN 676 351 431 BR,42700/2026,SANDRA,,AR RECEBIDA EM 21/08/2026 -  ENVIADA PARA INSCRIÄéO EM DIVIDA ATIVA EM 22/09/26,,,,,,,
12/08/2026,PA 197/2026,POSTURAS,GERALDO ANTåNIO DOS REIS,487.976.936-34,"4798,22",14/09/2026,BN 676 351 428 BR,42702/2026,SANDRA,46226/2026,AR RECEBIDA EM 21/08/2026,,,,,,,
12/08/2026,PA  199/2026,POSTURAS,CêLIO GERALDO BOTELHO,995.832.596-91,"5997,78",14/09/2026,BN 676 351 414 BR,42708/2026,SANDRA,45619/2026,AR RECEBIDA EM 20/08/2026,,,,,,,
12/08/2026,PA 188/2026,POSTURAS,NIVALDO JOSê FERREIRA,103.237.406-34,"5447,98",14/09/2026,BN 676 355 380 BR,42716/2026,REGINA,,"AR VOLTOU EM 25/09/2026 ""NéO PROCURADO "" - PUBLICADO EM 01/10/26",,,,,,,
12/08/2026,PA 188/2026,POSTURAS,NIVALDO JOSê FERREIRA,103.237.406-34,"5234,06",14/09/2026,BN 676 355 380 BR,42716/2026,REGINA,,"AR VOLTOU EM 25/09/2026 ""NéO PROCURADO "" - PUBLICADO EM 01/10/26",,,,,,,
13/08/2026,PA 207/2026,POSTURAS,DORINO MARTINS COELHO,515.912.196-04,"5997,6",14/09/2026,BN 676 351 737 BR,42719/2026,RåMULO,,"VOLTOU DIA 19/08/2026 COMO ''ENDEREÄO INSUFICIENTE"" - PUBLICADO EM 26/08/26 - ENVIADA PARA INSCRIÄéO EM DIVIDA ATIVA EM 22/09/26",,,,,,,
17/08/2026,PA 205/2026,POSTURAS,JOéO NATALIO DA SILVA,221.363.636-20,"5382,85",16/09/2026,BN 676 351 618 BR,43011/2026,LUIZA,,"AR VOLTOU EM 22/09/2026 "" NéO PROCURADO"" - PUBLICADO EM 28/09/26",,,,,,,
17/08/2026,PA 208/2026,POSTURAS,ROBERTO NASCENTE DE CASTRO,578.735.938-00,"5997,6",16/09/2026,BN 676 351 621 BR,43018/2026,LUIZA,,AR RECEBIDO EM 26/08/2026 - ENVIADA PARA INSCRIÄéO EM DIVIDA ATIVA EM 22/09/26,,,,,,,
13/08/2026,PA 213/2026,POSTURAS,CLOVES DE VASCONCELOS,084.703.161-68,"4398,24",14/09/2026,BN 676 355 376 BR,42725/2026,SABRINA,47345/2026 ,AR RECEBIDA EM 21/08/2026 - ENVIADA PARA INSCRIÄéO EM DIVIDA ATIVA EM 22/09/26,,,,,,,
13/08/2026,PA 213/2026,POSTURAS,CLOVES DE VASCONCELOS,084.703.161-68,"4398,24",14/09/2026,BN 676 355 376 BR,42725/2026,SABRINA,47345/2026 ,AR RECEBIDA EM 21/08/2026 - ENVIADA PARA INSCRIÄéO EM DIVIDA ATIVA EM 22/09/26,,,,,,,
13/08/2026,PA 211/2026,POSTURAS,CLEONEDIO DOS SANTOS,632.801.246-20,"5021,32",14/09/2026,BN 676 355 362 BR,42731/2026,SABRINA,,"VOLTOU DIA 27/08/2026 "" DESCONHECIDO"" -  PUBLICADO EM 31/08/26 - ENVIADA PARA INSCRIÄéO EM DIVIDA ATIVA EM 22/09/26",,,,,,,
13/08/2026,PA 206/2026,POSTURAS,PEDRO HENRIQUE DE MOURA,104.699.936-26,"4398,24",16/09/2026,BN 676 351 533 BR,43021/2026,SABRINA,49976/2026,AR RECEBIDA EM 25/08/2026,,,,,,,
13/08/2026,PA 217/2026,POSTURAS,ROBERTO DE MORAIS,228.299.206-78,"4998,15",16/09/2026,BN 676 351 520 BR,43027/2026,MARIELLE,,AR RECEBIDA EM 20/08/2026 - ENVIADA PARA INSCRIÄéO EM DIVIDA ATIVA EM 22/09/26,,,,,,,
13/08/2026,PA 209/2026,POSTURAS,EMERSON GERALDO TAVARES,039.331.616-57,"1110,7",16/09/2026,BN 676 351 564 BR,43031/2026,REGINA,53171/2026 ,AR RECEBIDA EM 21/08/2026 - ENVIADA PARA INSCRIÄéO EM DIVIDA ATIVA EM 22/09/26,,,,,,,
13/08/2026,PA 212/2026,POSTURAS,ESPüLIO DE ILCA NOGUEIRA SILVA,098.910.136-34,"4666,13",16/09/2026,BN 676 351 578 BR,43034/2026,LUIZ ,,AR RECEBIDA EM 21/08/2026 - ENVIADA PARA INSCRIÄéO EM DIVIDA ATIVA EM 22/09/26,,,,,,,
14/08/2026,PA 215/2026,POSTURAS,LETICIA DE OLIVEIRA SILVA ,119.460.126-02,"1110,7",16/09/2026,BN 676 351 581 BR,43056/2026,LUIZA,,AR RECEBIDA EM 21/08/2026 - GUIA CANCELADA PELA FAZENDA,,,,,,,
14/08/2026,PA 221/2026,POSTURAS,JOSê AFONSO DE ALMEIDA,673.659.228-34,4998,16/09/2026,BN 676 351 595 BR,43060/2026,LUIZA,50104/2026,AR RECEBIDA EM 24/08/2026,,,,,,,
14/08/2026,PA 193/2026,POSTURAS,ROSANGELA RODRIGUES RUA,296.030.996-00,"5997,78",,,42608/2026,MARIELLE,,FAZENDA QUE ENVIARÜ A GUIA DE PAGAMENTO - ENVIADA PARA INSCRIÄéO EM DIVIDA ATIVA EM 22/09/26,,,,,,,
,PA 203/2026,POSTURAS,MERCES MARIA DA SILVA SOARES ,426.878.706-25,,,,,LUIZ,,REDUÄéO DE 50% - EM ANÜLISE DE DEFESA PELO JURIDICO,,,,,,,
,PA 202/2026,POSTURAS,DIRCEU SOARES,199.699.376-34,,,,,LUIZ,,REDUÄéO DE 50% - EM ANÜLISE DE DEFESA PELO JURIDICO,,,,,,,
,PA 202/2026,POSTURAS,DIRCEU SOARES,199.699.376-34,,,,,LUIZ,,REDUÄéO DE 50% - EM ANÜLISE DE DEFESA PELO JURIDICO,,,,,,,
19/08/2026,PA 232/2026,POSTURAS,ANTåNINO GRIGüRIO,821.438.546-68,"5997,6",18/09/2026,BN 676 352 030 BR,43655/2026,LUIZA,,AR RECEBIDA EM 25/08/2026 - ENVIADA PARA INSCRIÄéO EM DIVIDA ATIVA EM 22/09/26,,,,,,,
17/08/2026,PA 182/2026,POSTURAS,IMOBILIARIA MARTINS LTDA,12.473.709/0001-93,"3248,79",16/09/2026,BN 676 351 604 BR,43063/2026,LEANDRO,"49721/2026, 49727/2026, 49728/2026, 49731/2026
49742/2026",AR RECEBIDA EM 21/08/2026,,,,,,,
18/08/2026,PA 191/2026,POSTURAS,BRUNA LACERDA GOMES ,121.805.116-71,"8126,99",21/09/2026,BN 676 352 074 BR,43418/2026,LEANDRO,"48833/2026
46983/2026",AR RECEBIDA EM 24/08/2026,,,,,,,
18/08/2026,PA 216/2026,POSTURAS,DANIEL FIRMINO CORREA DE LACERDA,774.243.876-34,"6497,59",17/09/2026,BN 676 351 860 BR,43421/2026,SANDRA,,AR RECEBIDA EM 25/08/2026 - ENVIADA PARA INSCRIÄéO EM DIVIDA ATIVA EM 22/09/26,,,,,,,
17/08/2026,PA 218/2026,POSTURAS,HELTON SALOMéO DAVID,526.785.556-15,"4664,94",17/09/2026,BN 676 351 873 BR,43430/2026,MARIELLE,,"AR VOLTOU EM 21/09/2026 - ""NéO PROCURADO"" - PUBLICADO EM 23/09/26",,,,,,,
17/08/2026,PA 219/2026,POSTURAS,GERSON ALVES MAIA,718.457.126-68,"5997,6",21/09/2026,BN 676 336 540 BR,43443/2026,SANDRA,,"VOLTOU DIA 01/09/2026  - ""DESCONHECIDO"" - PUBLICADO EM 08/09/26 - ENVIADO PARA DIVIDA ATIVA EM 05/10/26",,,,,,,
19/08/2026,PA 220/2026,POSTURAS,EMPREENDIMENTOS PILAR LTDA,20.154.753/0001-69,"5797,85",17/09/2026,BN 676 351 839 BR,43448/2026,SANDRA,,"VOLTOU DIA 24/08/2026 COMO ''DESCONHECIDO"" - PUBLICADO EM 28/08/26 - ENVIADA PARA INSCRIÄéO EM DIVIDA ATIVA EM 22/09/26",,,,,,,
19/08/2026,PA 220/2026,POSTURAS,EMPREENDIMENTOS PILAR LTDA,20.154.753/0001-69,"1110,7",17/09/2026,BN 676 351 839 BR,43448/2026,SANDRA,,"VOLTOU DIA 24/08/2026 COMO ''DESCONHECIDO"" - PUBLICADO EM 28/08/26 - ENVIADA PARA INSCRIÄéO EM DIVIDA ATIVA EM 22/09/26",,,,,,,
19/08/2026,PA 222/2026,POSTURAS,ODILON MARIANO GOMES ,835.401.216-68,"7497,22",17/09/2026,BN 676 336 482 BR,43532/2026,LEANDRO,,AR RECEBIDA EM 02/09/2026 -  ENVIADA PARA INSCRIÄéO EM DIVIDA ATIVA EM 22/09/26,,,,,,,
19/08/2026,PA 223/2026,POSTURAS,ALZIRA ELIAS DE AZEVEDO,697.718.806-59,"5997,6",17/09/2026,BN 676 351 785 BR,43539/2026,JOéO,,"AR VOLTOU EM 24/09/2026 ""NéO PROCURADO"" - PUBLICADO EM 28/09/26",,,,,,,
19/08/2026,PA 224/2026,POSTURAS,AIRES DE OLIVEIRA BASTOS,016.556.806-25,4998,17/09/2026,BN 676 351 799 BR,43542/2026,JOéO,,,,,,,,,
19/08/2026,PA 225/2026,POSTURAS,JOSê GERALDO FERREIRA,054.709.876-63,"1110,7",17/09/2026,BN 676 336 496 BR,43544/2026,REGINA,,"VOLTOU EM 29/09/2026 ""NéO PROCURADO "" - PUBLICADO EM 02/10/26",,,,,,,
19/08/2026,PA 227/2026,POSTURAS,ALFREDO MATTAR NETO,292.459.236-49,"4031,72",17/09/2026,BN 676 351 754 BR,43548/2026,SABRINA,,AR RECEBIDO EM 31/08/2026 - ENVIADA PARA INSCRIÄéO EM DIVIDA ATIVA EM 22/09/26,,,,,,,
19/08/2026,PA 229/2026,POSTURAS,FORTIS PARTICIPAÄôES E INVESTIMENTOS LTDA,51.056.202/0001-96,"4031,72",17/09/2026,BN 676 351 768 BR,43553/2026,SABRINA,49374/2026,AR RECEBIDA EM 26/08/2026,,,,,,,
19/08/2026,PA 230/2026,POSTURAS,EXTRAÄéO GONTIJO LTDA,19.945.601/0001-03,"4998,15",17/09/2026,BN 676 351 771 BR,43556/2026,MARIELLE,,"VOLTOU DIA 24/08/2026 COMO ''DESCONHECIDO"" - PUBLICADO EM 28/08/26 - ENVIADA PARA INSCRIÄéO EM DIVIDA ATIVA EM 22/09/26",,,,,,,
19/08/2026,PA 230/2026,POSTURAS,EXTRAÄéO GONTIJO LTDA,19.945.601/0001-03,"4998,15",17/09/2026,BN 676 351 771 BR,43556/2026,MARIELLE,,"VOLTOU DIA 24/08/2026 COMO ''DESCONHECIDO"" - PUBLICADO EM 28/08/26 - ENVIADA PARA INSCRIÄéO EM DIVIDA ATIVA EM 22/09/26",,,,,,,
19/08/2026,PA 226/2026,POSTURAS,VIA SOGGUI LTDA,51.058.033/0001-23,"4031,72",17/09/2026,BN 676 351 856 BR,43561/2026,SABRINA,,"VOLTOU DIA 24/08/2026 COMO ''ENDEREÄO INSUFICIENTE"" - PUBLICADO EM 28/08/26 - ENVIADA PARA INSCRIÄéO EM DIVIDA ATIVA EM 22/09/26",,,,,,,
19/08/2026,PA 200/2026,POSTURAS,ANDRE LUIZ OLIVEIRA,099.526.966-12,"4998,15",17/09/2026,BN 676 351 842 BR,43563/2026,LEANDRO,,"AR VOLTOU EM 24/09/2026 ""NéO PROCURADO"" - PUBLICADO EM 28/09/26",,,,,,,
19/08/2026,PA 231/2026,POSTURAS,JESSICA FRANCIELLY RIBEIRO,125.311.936-85,"5553,44",17/09/2026,BN 676 351 913 BR,43567/2026,LEANDRO,51469/2026,"VOLTOU DIA 24/08/2026 COMO ''MUDOU-SE"" - PUBLICADO EM 28/08/26 - ENVIADA PARA INSCRIÄéO EM DIVIDA ATIVA EM 22/09/26",,,,,,,
19/08/2026,PA 214/2026,POSTURAS,IMOBILIÜRIA MARTINS LTDA,12.473.709/0001-93,"6775,32",18/09/2026,BN 676 351 989 BR,43573/2026,LEANDRO,"49721/2026, 49727/2026, 49728/2026, 49731/2026",AR RECEBIDA EM 25/08/2026,,,,,,,
19/08/2026,PA 214/2026,POSTURAS,IMOBILIÜRIA MARTINS LTDA,12.473.709/0001-93,"6775,32",18/09/2026,BN 676 351 989 BR,43573/2026,LEANDRO,"49721/2026, 49727/2026, 49728/2026, 49731/2026",AR RECEBIDA EM 25/08/2026,,,,,,,
19/08/2026,PA 214/2026,POSTURAS,IMOBILIÜRIA MARTINS LTDA,12.473.709/0001-93,"6219,69",18/09/2026,BN 676 351 989 BR,43573/2026,LEANDRO,"49721/2026, 49727/2026, 49728/2026, 49731/2026",AR RECEBIDA EM 25/08/2026,,,,,,,
19/08/2026,PA 214/2026,POSTURAS,IMOBILIÜRIA MARTINS LTDA,12.473.709/0001-93,"6775,32",18/09/2026,BN 676 351 989 BR,43573/2026,LEANDRO,"49721/2026, 49727/2026, 49728/2026, 49731/2026",AR RECEBIDA EM 25/08/2026,,,,,,,
19/08/2026,PA 214/2026,POSTURAS,IMOBILIÜRIA MARTINS LTDA,12.473.709/0001-93,"6775,32",18/09/2026,BN 676 351 989 BR,43573/2026,LEANDRO,"49721/2026, 49727/2026, 49728/2026, 49731/2026",AR RECEBIDA EM 25/08/2026,,,,,,,
19/08/2026,PA 204/2026,POSTURAS,FLECHE PARTICIPAÄôES E EMPREENDIMENTOS LTDA,09.074.306/0001-67,"4998,15",18/09/2026,BN 676 351 895 BR,43608/2026,LEANDRO,"21874/2026
39397/2026",AR RECEBIDA EM 31/08/26 DE ACORDO COM SITE DO CORREIO,,,,,,,
19/08/2026,PA 178/2026,POSTURAS,FERNANDO MAIA GOMES ,012.818.996-74,"3248,79",18/09/2026,BN 676 352 105 BR,43639/2026,LEANDRO,,"AR VOLTOU EM 24/09/2026 ""NéO PROCURADO"" - PUBLICADO EM 28/09/26",,,,,,,
19/08/2026,PA 178/2026,POSTURAS,FERNANDO MAIA GOMES ,012.818.996-74,"4583,96",18/09/2026,BN 676 352 105 BR,43639/2026,LEANDRO,,"AR VOLTOU EM 24/09/2026 ""NéO PROCURADO"" - PUBLICADO EM 28/09/26",,,,,,,
19/08/2026,PA 178/2026,POSTURAS,FERNANDO MAIA GOMES ,012.818.996-74,"3248,79",18/09/2026,BN 676 352 105 BR,43639/2026,LEANDRO,,"AR VOLTOU EM 24/09/2026 ""NéO PROCURADO"" - PUBLICADO EM 28/09/26",,,,,,,
19/08/2026,PA 178/2026,POSTURAS,FERNANDO MAIA GOMES ,012.818.996-74,"3248,79",18/09/2026,BN 676 352 105 BR,43639/2026,LEANDRO,,"AR VOLTOU EM 24/09/2026 ""NéO PROCURADO"" - PUBLICADO EM 28/09/26",,,,,,,
19/08/2026,PA 240/2026,POSTURAS, CARLOS ROBERTO CAMILO,397.375.786-00,4998,18/09/2026,BN 676 351 944 BR,43645/2026,LUIZA,,AR RECEBIDA EM 27/08/2026 - ENVIADA PARA INSCRIÄéO EM DIVIDA ATIVA EM 22/09/26,,,,,,,
19/08/2026,PA 228/2026,POSTURAS,VIVENDAS DA PRAIA LTDA,18.523.720/0001-05,"11245,5",18/09/2026,BN 676 351 975 BR,43646/2026,LUIZ,,AR RECEBIDA EM 25/08/2026 - ENVIADA PARA INSCRIÄéO EM DIVIDA ATIVA EM 22/09/26,,,,,,,
19/08/2026,PA 239/2026,POSTURAS,DAGMAR LñCIA PEREIRA,051.590.286-17,"4398,24",18/09/2026,BN 676 351 935 BR,43648/2026,SABRINA,46213/2026,AR RECEBIDA EM 24/08/2026,,,,,,,
18/08/2026,PA 210/2026,POSTURAS,EUSTÜQUIO SOARES MAIA,134.376.746-68,"4998,15",,,43652/2026,SANDRA,42771/2026,FAZENDA QUE IRÜ ENVIAR A GUIA DE PAGAMENTO - REDUÄéO DE -50%,,,,,,,
18/08/2026,PA 210/2026,POSTURAS,EUSTÜQUIO SOARES MAIA,134.376.746-68,"4998,15",,,43652/2026,SANDRA,42771/2026,FAZENDA QUE IRÜ ENVIAR A GUIA DE PAGAMENTO - REDUÄéO DE -50%,,,,,,,
20/08/2026,PA 242/2026,POSTURAS,GABRIEL ALVES FERREIRA NETO,205.104.116-49,4998,21/09/2026,BN 676 351 961 BR,43846/2026,LUIZA,49749/2026,AR RECEBIDA EM 24/08/2026,,,,,,,
20/08/2026,PA 255/2026,POSTURAS, ESPüLIO DE BERALDINO BATISTA BRAGA, 003.973.266-53,5831,21/09/2026,BN 676 352 159 BR,43848/2026,LUIZA,,AR RECEBIDO EM 25/08/2026 - ENVIADO PARA INSCRIÄéO EM DãVIDA ATIVA EM 01/10/26,,,,,,,
20/08/2026,PA 261/2026,POSTURAS,SåNIA DOS SANTOS FERREIRA,034.804.546-82,4998,21/09/2026,BN 676 336 536 BR,43854/2026,LUIZA,,AR RECEBIDA EM 01/09/2026 -  ENVIADO PARA INSCRIÄéO EM DãVIDA ATIVA EM 01/10/26,,,,,,,
20/08/2026,PA 248/2026,POSTURAS,CAIXA ECONåMICA FEDERAL,00.360.305/0001-04,"6664,2",21/09/2026,BN 676 351 958 BR,43858/2026,MARIELLE,,AR RECEBIDA EM 27/08/2026 -  ENVIADO PARA INSCRIÄéO EM DãVIDA ATIVA EM 01/10/26,,,,,,,
20/08/2026,PA 252/2026,POSTURAS,FRANCISCO VICENTE SOARES,165.490.826-68,"5997,6",21/09/2026,BN 676 352 114 BR,43862/2026,RåMULO,,AR RECEBIDA EM 25/08/2026 - ENVIADO PARA INSCRIÄéO EM DãVIDA ATIVA EM 01/10/26,,,,,,,
20/08/2026,PA 245/2026,POSTURAS,GERALDO MAGELA RAMOS,162.590.416-91,4998,21/09/2026,BN 676 352 193 BR,43867/2026,LUIZ,,AR RECEBIDA EM 21/08/2026 - ENVIADO PARA INSCRIÄéO EM DãVIDA ATIVA EM 01/10/26,,,,,,,
20/08/2026,PA 251/2026,POSTURAS,NICOLAS BRAYAN SILVA,097.765.486-95,"5997,6",21/09/2026,BN 676 351 927 BR,43869/2026,RåMULO,,"VOLTOU DIA 27/08/2026 "" NéO EXISTE NUMERO INDICADO"" - PUBLICADO EM 31/08/26 - ENVIADO PARA INSCRIÄéO EM DãVIDA ATIVA EM 01/10/26",,,,,,,
20/08/2026,PA 241/2026,POSTURAS,MÜRCIO FRANCISCANI RIBEIRO,592.271.766-91,"5206,25",21/09/2026,BN 676 352 145 BR,43872/2026,JOéO,,"VOLTOU DIA 21/08/2026 COMO ''MUDOU-SE"" - PUBLICADO EM 28/08/26 - GUIA CANCELADA PELA FAZENDA",,,,,,,
20/08/2026,PA 234/2026,POSTURAS,PR1ME CONSTRUTORA LTDA,21.548.811/0001-00,"1110,7",21/09/2026,BN 676 352 180 BR,43875/2026,SANDRA,,"VOLTOU DIA 24/08/2026 COMO ''DESCONHECIDO"" - PUBLICADO EM 28/08/26 - - ENVIADO PARA INSCRIÄéO EM DãVIDA ATIVA EM 01/10/26",,,,,,,
24/08/2026,PA 269/2026,POSTURAS,DUANE MENEZES AZEVEDO,056.530.056-30,"5997,78",23/09/2026,BN 676 336 451 BR,44597/2026,SANDRA,51573/2026,AR RECEBIDA EM 15/09/2026,,,,,,,
24/08/2026,PA 269/2026,POSTURAS,DUANE MENEZES AZEVEDO,056.530.056-30,"5997,78",23/09/2026,BN 676 336 451 BR,44597/2026,SANDRA,51573/2026,AR RECEBIDA EM 15/09/2026,,,,,,,
24/08/2026,PA 269/2026,POSTURAS,DUANE MENEZES AZEVEDO,056.530.056-30,"5997,78",23/09/2026,BN 676 336 451 BR,44597/2026,SANDRA,51573/2026,AR RECEBIDA EM 15/09/2026,,,,,,,
24/08/2026,PA 236/2026,POSTURAS,GERO IMOVEIS LTDA,07.375.902/0001-51,"18947,98",23/09/2026,BN 676 336 448 BR,44602/2026,LEANDRO,46257/2026 ,AR RECEBIDA EM 28/08/2026,,,,,,,
24/08/2026,PA 243/2026,POSTURAS,GERO IMOVEIS LTDA,07.375.902/0001-51,"4998,15",23/09/2026,BN 676 336 448 BR,44606/2026,LEANDRO,49216/2026 ,AR RECEBIDA EM 28/08/2026,,,,,,,
24/08/2026,PA 254/2026,POSTURAS,HOLY EMPREENDIMENTOS E PARTICIPAÄôES S/A,01.429.122/0001-60,"3908,43",23/09/2026,BN 676 336 519 BR,44607/2026,SABRINA,,AR RECEBIDA EM 31/08/2026 - ENVIADO PARA INSCRIÄéO EM DãVIDA ATIVA EM 01/10/26,,,,,,,
24/08/2026,PA 254/2026,POSTURAS,HOLY EMPREENDIMENTOS E PARTICIPAÄôES S/A,01.429.122/0001-60,"3959,41",23/09/2026,BN 676 336 519 BR,44607/2026,SABRINA,,AR RECEBIDA EM 31/08/2026 - ENVIADO PARA INSCRIÄéO EM DãVIDA ATIVA EM 01/10/26,,,,,,,
24/08/2026,PA  274/2026,POSTURAS,JOSE LUIZ SANTANA,070.612.506-15,"4998,15",23/09/2026,BN 676 336 505 BR,44610/2026,MARIELLE,,"AR VOLTOU EM 22/09/2026 "" NéO PROCURADO"" - PUBLICADO EM 28/09/26 - ENVIADO PARA INSCRIÄéO EM DãVIDA ATIVA EM 01/10/26",,,,,,,
24/08/2026,PA 253/2026,POSTURAS,LUIS FERNANDO LA GUARDIA CUSTODIO,061.153.536-02,"3547,85",23/09/2026,BN 676 352 088 BR,44616/2026,LEANDRO,47649/2026,AR RECEBIDA EM 31/08/2026,,,,,,,
24/08/2026,PA 266/2026,POSTURAS,MARLENE MARIA CARDOSO,607.618.306-34,"50271,05",23/09/2026,BN 676 352 026 BR,44625/2026,REGINA,,"VOLTOU DIA 03/09/2026  - ""NéO EXISTE NUMERO INDICADO"" - PUBLICADO EM 08/09/26 - ENVIADO PARA INSCRIÄéO EM DãVIDA ATIVA EM 01/10/26",,,,,,,
24/08/2026,PA 275/2026,POSTURAS,MAURICIO AZEVEDO FERREIRA,124.137.206-34,"5997,78",23/09/2026,BN 676 352 043 BR,44628/2026,SANDRA,51579/2026,AR RECEBIDA EM 15/09/2026,,,,,,,
25/08/2026,PA 164/2026,POSTURAS,MARIA LUIZA ALVES GUIMARéES NAVES,072.954.756-64,"4798,22",24/09/2026,BN 676 336 567 BR,44765/2026,MARIELLE,,"VOLTOU EM 01/10/2026 ""NéO PROCURADO""",,,,,,,
25/08/2026,PA 257/2026,POSTURAS,MARIA MELO SILVA,950.166.276-49,"1110,7",23/09/2026,BN 676 352 057 BR,44767/2026,SANDRA,,AR RECEBIDA EM 28/08/2026 - ENVIADO PARA INSCRIÄéO EM DãVIDA ATIVA EM 01/10/26,,,,,,,
25/08/2026,PA 272/2026,POSTURAS,NATALIA MARIA BORGES,062.682.826-04,"4998,15",23/09/2026,BN 676 352 065 BR,44769/2026,LEANDRO,,AR RECEBIDA EM 28/08/2026 - ENVIADO PARA INSCRIÄéO EM DãVIDA ATIVA EM 01/10/26,,,,,,,
25/08/2026,PA 272/2026,POSTURAS,NATALIA MARIA BORGES,062.682.826-04,"4998,15",23/09/2026,BN 676 352 065 BR,44769/2026,LEANDRO,,AR RECEBIDA EM 28/08/2026 - ENVIADO PARA INSCRIÄéO EM DãVIDA ATIVA EM 01/10/26,,,,,,,
25/08/2026,PA 262/2026,POSTURAS,RAFAEL RIBEIRO DE SOUSA,230.752.016-34,"1110,7",24/09/2026,BN 676 352 012 BR,44771/2026,SANDRA,,"VOLTOU DIA 03/09/2026  - ""NéO EXISTE NUMERO INDICADO"" - PUBLICADO EM 08/09/26 - ENVIADO PARA INSCRIÄéO EM DãVIDA ATIVA EM 01/10/26",,,,,,,
25/08/2026,PA 264/2026,POSTURAS,STENYO MAIA CARVALHO,015.584.326-55,"5997,6",24/09/2026,BN 676 352 009 BR,44795/2026,SABRINA,,"VOLTOU EM 29/09/2026 ""NéO PROCURADO "" - PUBLICADO EM 02/10/26",,,,,,,
25/08/2026,PA 268/2026,POSTURAS,THULISA REPRESENTAÄôES LTDA,39.504.262/0001-29,"7277,3",24/09/2026,BN 676 352 128 BR,44796/2026,LEANDRO,,"VOLTOU DIA 01/09/2026  - ""DESCONHECIDO"" - PUBLICADO EM 08/09/26  - ENVIADO PARA INSCRIÄéO EM DãVIDA ATIVA EM 01/10/26",,,,,,,
25/08/2026,PA 238/2026,POSTURAS,TRAVESSIA SECURITIZADORA S.A,26.609.050/0001-64,"14710,22",24/09/2026,BN 676 352 131 BR,44811/2026,LEANDRO,,AR RECEBIDA EM 31/08/2026 DE ACORDO COM SITE DO CORREIO - ENVIADO PARA INSCRIÄéO EM DãVIDA ATIVA EM 01/10/26,,,,,,,
25/08/2026,PA 263/2026,POSTURAS,VALERIA SILVA FRANCISCO,876.991.176-20,"6574,36",24/09/2026,BN 676 352 162 BR,44814/2026,JOéO,,"VOLTOU DIA 01/09/2026  - ""MUDOU-SE"" - PUBLICADO EM 08/09/26 - ENVIADO PARA INSCRIÄéO EM DãVIDA ATIVA EM 01/10/26",,,,,,,
25/08/2026,PA 258/2026,POSTURAS,WALMIR JOSE COSTA,801.533.216-87,"3248,79",24/09/2026,BN 676 352 176 BR,44815/2026,LEANDRO ,,AR RECEBIDA EM 27/08/2026 - ENVIADO PARA INSCRIÄéO EM DãVIDA ATIVA EM 01/10/26,,,,,,,
25/08/2026,PA 265/2026,POSTURAS,WILSON ORISIO ,054.932.506-91,"1110,7",24/09/2026,BN 676 336 465 BR,44818/2026,LEANDRO ,,AR RECEBIDA EM 28/08/2026  - ENVIADO PARA INSCRIÄéO EM DãVIDA ATIVA EM 01/10/26,,,,,,,
25/08/2026,PA 259/2026,POSTURAS,FRANCISCA CORNELIA PACHECO,985.304.966-04,"1110,7",,,44835/2026,LUIZ,,FAZENDA QUE IRÜ ENVIAR A GUIA DE PAGAMENTO - ENVIADO PARA INSCRIÄéO EM DãVIDA ATIVA EM 01/10/26,,,,,,,
25/08/2026,PA 260/2026,POSTURAS,YASMIM GERVINA SOUZA MOREIRA ,117.424.696-04,"1110,7",,,44821/2026,LUIZ,,FAZENDA QUE IRÜ ENVIAR A GUIA DE PAGAMENTO - ENVIADO PARA INSCRIÄéO EM DãVIDA ATIVA EM 01/10/26,,,,,,,
25/08/2026,PA 250/2026,POSTURAS,GILSON VIANNINI,488.418.038-00,"5934,47",24/09/2026,BN 676 336 624 BR,44922/2026,REGINA,,"VOLTOU EM 01/10/2026 ""NéO PROCURADO""",,,,,,,
25/08/2026,PA 273/2026,POSTURAS,GERALDO DONIZETE DE MORAIS,300.681.006-63,"5997,6",24/09/2026,BN 676 336 615 BR,44924/2026,SABRINA,,AR RECEBIDO EM 01/09/2026 - ENVIADO PARA INSCRIÄéO EM DãVIDA ATIVA EM 01/10/26,,,,,,,
25/08/2026,PA  267/2026,POSTURAS,FIRMA INDIVIDUAL NELSON FONSECA,21.496.609/0001-73,4998,24/09/2026,BN 676 336 598 BR,44927/2026,LUIZA,,"VOLTOU DIA 03/09/2026  - ""ENDEREÄO INSUFICIENTE"" - PUBLLICADO EM 08/09/26 - ENVIADO PARA INSCRIÄéO EM DãVIDA ATIVA EM 01/10/26",,,,,,,
25/08/2026,PA  267/2026,POSTURAS,FIRMA INDIVIDUAL NELSON FONSECA,21.496.609/0001-73,4998,24/09/2026,BN 676 336 598 BR,44927/2026,LUIZA,,"VOLTOU DIA 03/09/2026  - ""ENDEREÄO INSUFICIENTE"" - PUBLLICADO EM 08/09/26 - ENVIADO PARA INSCRIÄéO EM DãVIDA ATIVA EM 01/10/26",,,,,,,
25/08/2026,PA  267/2026,POSTURAS,FIRMA INDIVIDUAL NELSON FONSECA,21.496.609/0001-73,4998,24/09/2026,BN 676 336 598 BR,44927/2026,LUIZA,,"VOLTOU DIA 03/09/2026  - ""ENDEREÄO INSUFICIENTE"" - PUBLLICADO EM 08/09/26 - ENVIADO PARA INSCRIÄéO EM DãVIDA ATIVA EM 01/10/26",,,,,,,
31/08/2026,PA 281/2026,POSTURAS,ESPOLIO DE JOSE MENDES DOS SANTOS,008.250.006-10,"4998,15",30/09/2026,BN 676 362 235 BR,46084/2026,LUIZA,,"AR VOLTOU EM 10/09/2026 ""ENDEREÄO INSUFICIENTE"" - PUBLICADO EM 18/09/26",,,,,,,
31/08/2026,PA 332/2026,POSTURAS,ANTONIO SERGIO FERREIRA,222.063.961-49,"6914,11",30/09/2026,,46091/2026,REGINA,,,,,,,,,
31/08/2026,PA 315/2026,POSTURAS,JOSE PENIDO ROSA ,010.731.926-87,"6774,49",30/09/2026,BN 676 336 831 BR,46100/2026,MARIELLE,,AR RECEBIDA EM 09/09/2026 - ENVIADO PARA DIVITA ATIVA EM 05/10/26,,,,,,,
28/08/2026,PA 335/2026,POSTURAS,ALVORADA IMOVEIS LTDA,20.159.208/0001-65,"4198,45",02/10/2026,BN 676 336 845 BR,46752/2026,LUIZA,52895/2026,AR RECEBIDO EM 09/09/2026,,,,,,,
28/08/2026,PA 285/2026,POSTURAS,METALURGICA ITAIPU IND COM LTDA,20.174.609/0001-29,"1110,7",02/10/2026,BN 676 362 213 BR,46838/2026,LUIZ,,,,,,,,,
28/08/2026,PA 307/2026,POSTURAS,GERO IMOVEIS LTDA,07.375.902/0001-51,"4998,15",02/10/2026,BN 676 362 187 BR,46922/2026,LEANDRO,50124/2026 ,AR RECEBIDO EM 08/09/2026,,,,,,,
28/08/2026,PA 333/2026,POSTURAS,WILLIAN ANTONIO DE AZEVEDO,636.205.536-53,"5997,78",02/10/2026,BN 676 362 200 BR,46850/2026,JOéO,***,AR 08/09/2026 - ENVIADO PARA DIVITA ATIVA EM 05/10/26,,,,,,,
28/08/2026,PA 319/2026,POSTURAS,EZIO EUSTAQUIO GOMES DE SOUSA,008.245.006-44,"6664,2",02/10/2026,BN 676 362 227 BR,46862/2026,SANDRA,,AR RECEBIDO EM 09/09/2026,,,,,,,
28/08/2026,PA 290/2026,POSTURAS,WALDEMAR RAIMUNDO MANOEL,433.132.726-49,"7497,22",02/10/2026,BN 676 362 195 BR,46874/2026,LEANDRO,50983/2026,AR RECEBIDO EM 08/09/2026,,,,,,,
28/08/2026,PA 334/2026,POSTURAS,RICHARD DE ALMEIDA,082.188.686-07,"4998,15",02/10/2026,BN 676 362 173 BR,46881/2026,LEANDRO,49232/2026,AR RECEBIDA EM 08/09/2026,,,,,,,
31/08/2026,PA 308/2026,POSTURAS,NATALIA AZEVEDO FERREIRA ,129.477.436-01 ,"4998,15",,,,LEANDRO,,FALTA ARRUMAR PA E NUMERO DE AUTO DE INFRAÄéO,,,,,,,
31/08/2026,PA 331/2026,POSTURAS,HEVTON ANTONIO DE AZEVEDO,444.419.596-72,"5997,78",02/10/2026,,46891/2026,JOéO,,,,,,,,,
31/08/2026,PA 313/2026,POSTURAS,RAFAEL ADIRSON TAVARES,865.825.936-68,"1110,7",02/10/2026,BN 676 336 947 BR,46896/2026,SABRINA,,AR RECEBIDA EM 14/09/2026,,,,,,,
31/08/2026,PA 286/2026,POSTURAS,RAFAEL ADIRSON TAVARES,865.825.936-68,"1110,7",02/10/2026,BN 676 336 862 BR,46898/2026,SABRINA,,AR RECEBIDA EM 14/09/2026,,,,,,,
03/09/2026,PA 302/2026,POSTURAS,RAFAEL ADIRSON TAVARES,865.825.936-68,"1110,7",05/10/2026,BN 676 336 947 BR,47011/2026,SABRINA,,AR RECEBIDA EM 14/09/2026,,,,,,,
03/09/2026,PA 297/2026,POSTURAS,JOéO BATISTA SILVA,130.945.806-53,"5497,96",05/10/2026,BN 676 336 933 BR,47029/2026,LUIZA,51409/2026 ,AR RECEBIDO EM 15/09/2026,,,,,,,
03/09/2026,PA 299/2026,POSTURAS,MARIA DAS GRACAS,658.432.156.87,"5997,78",05/10/2026,BN 676 336 955 BR,47033/2026,RåMULO,,AR RECEBIDO EM 11/09/2026,,,,,,,
02/09/2026,PA 345/2026,POSTURAS,REI DA LATINHA - SINCLER MENDONÄA MEIRELES,27.647.204/0001-75,"5553,5",,,46720/2026,MARIELLE,,FAZENDA QUE IRÜ ENVIAR A GUIA DE PAGAMENTO ,,,,,,,
03/09/2026,PA 339/2026,POSTURAS,ABILIO GUIMARéES NETO,011.580.316-53,"1110,7",08/10/2026,BN 676 337 094 BR,47731/2026,MARIELLE,,,,,,,,,
03/09/2026,PA 338/2026,POSTURAS,FLECHE PARTICIPAÄOES E EMPREEND,09.074.306/0001-67,"4998,15",05/10/2026,BN 676 351 895 BR,47057/2026,LEANDRO,,AR RECEBIDA EM 31/08/2026,,,,,,,
03/09/2026,PA 305/2026,POSTURAS,OZANAN DE OLIVEIRA RESENDE,345.395.816-00,"6497,59",05/10/2026,BN 676 336 995 BR,47073/2026,CRISTIANE,,"VOLTOU DIA 15/09/2026 "" DESCONHECIDO"" - PUBLICADO EM 18/09/26",,,,,,,
03/09/2026,PA 301/2026,POSTURAS,AFONSO LUIZ DE AQUINO,318.541.176-53,"3248,8",05/10/2026,BN 676 336 902 BR,47130/2026,LEANDRO,,,,,,,,,
03/09/2026,PA 316/2026,POSTURAS,JEOVANE FERREIRA DA SILVA,036.015.266-03,"5997,78",05/10/2026,BN 676 336 893 BR,47132/2026,SABRINA,51906/2026,AR RECEBIDO EM 09/09/2026,,,,,,,
03/09/2026,PA 317/2026,POSTURAS,ESPOLIO DE ANTONIO BENTO SOBRINHO,155.040.346-04,"5044,13",05/10/2026,BN 676 336 880 BR,47137/2026,GLÜUCIO,,AR RECEBIDO EM 09/09/2026,,,,,,,
03/09/2026,PA 318/2026,POSTURAS,ODAIR JOSE DOS SANTOS,000.896.755-30,"5072,96",05/10/2026,BN 676 337 050 BR,47207/2026,LEANDRO,,AR RECEBIDA EM 14/09/2026,,,,,,,
04/09/2026,PA 321/2026,POSTURAS,GISLENE ALVES RIBEIRO ARAUJO,031.322.016-69,"2499,07",13/10/2026,BN 676 337 148 BR,48673/2026,RåMULO,51056/2026 ,AR RECEBIDA EM 18/09/2026,,,,,,,
04/09/2026,PA 322/2026,POSTURAS,OZANAN DE OLIVEIRA RESENDE,345.395.816-00,"8163,64",08/10/2026,BN 676 337 029 BR,47749/2026,CRISTIANE,,"AR VOLTOU EM 24/09/2026 ""DESCONHECIDO"" - PUBLICADO EM 28/09/26",,,,,,,
04/09/2026,PA 323/2026,POSTURAS,EMILIA GERALDA RIBEIRO,617.023.236-68,"4998,15",08/10/2026,BN 676 336 978 BR,47751/2026,LUIZ,,"AR VOLTOU EM 21/09/2026 - ""DESCONHECIDO"" - PUBLICADO EM 23/09/26",,,,,,,
04/09/2026,PA 325/2026,POSTURAS,EMILIA GERALDA RIBEIRO,617.023.236-68,"6697,52",08/10/2026,BN 676 336 978 BR,47757/2026,LUIZ,,"AR VOLTOU EM 21/09/2026 - ""DESCONHECIDO"" - PUBLICADO EM 23/09/26",,,,,,,
04/09/2026,PA 327/2026,POSTURAS,EMILIA GERALDA RIBEIRO,617.023.236-68,"6897,45",08/10/2026,BN 676 336 978 BR,47759/2026,LUIZ,,"AR VOLTOU EM 21/09/2026 - ""DESCONHECIDO"" - PUBLICADO EM 23/09/26",,,,,,,
04/09/2026,PA 328/2026,POSTURAS,EMILIA GERALDA RIBEIRO,617.023.236-68,"5583,1",08/10/2026,BN 676 336 978 BR,47774/2026,LUIZ,,"AR VOLTOU EM 21/09/2026 - ""DESCONHECIDO"" - PUBLICADO EM 23/09/26",,,,,,,
04/09/2026,PA 326/2026,POSTURAS,RICARDO RAFAEL DA SILVA NERY ,040.656.486-88,"5997,78",08/10/2026,BN 676 337 001 BR,47777/2026,LEANDRO,,"AR VOLTOU EM 21/09/2026 - ""DESCONHECIDO"" - PUBLICADO EM 23/09/26",,,,,,,
04/09/2026,PA 342/2026,POSTURAS,MARIA APARECIDA QUEIROZ CARREIRO ,041.065.238-50 ,"4998,15",08/10/2026,BN 676 337 015 BR,47781/2026,LUIZA,,AR RECEBIDA EM 17/09/2026,,,,,,,
04/09/2026,PA 312/2026,POSTURAS,MARIA APARECIDA QUEIROZ CARREIRO ,041.065.238-50 ,"4998,15",08/10/2026,BN 676 337 015 BR,47799/2026,LUIZA,,AR RECEBIDA EM 17/09/2026,,,,,,,
04/09/2026,PA 341/2026,POSTURAS,LUIZ EDUARDO MOREIRA,443.823.836-68,"1110,7",08/10/2026,BN 676 336 964 BR,47804/2026,SANDRA,,,,,,,,,
04/09/2026,PA 343/2026,POSTURAS,CELIO JOSE DA SILVA,718.117.706-06,"5997,78",09/10/2026,BN 676 336 981 BR,47809/2026,LEANDRO,52953/2026,AR RECEBIDA EM 14/09/2026,,,,,,,
04/09/2026,PA 344/2026,POSTURAS,LUIZ EDUARDO MOREIRA,443.823.836-68,"1110,7",08/10/2026,BN 676 336 964 BR,47829/2026,SANDRA,,,,,,,,,
14/09/2026,PA 347/2026,POSTURAS, LORIVALDO MARCIO MACHADO,048.617.386-01,"5997,78",14/10/2026,BN 676 337 219 BR,49008/2026,LUIZ,,,,,,,,,
14/09/2026,PA 346/2026,POSTURAS,MARCIO ANTONIO GASPAR LARA,093.675.266-10,"4798,22",14/10/2026,BN 676 337 205 BR,49031/2026,SABRINA,,AR RECEBIDA EM 24/09/2026,,,,,,,
14/09/2026,PA 348/2026,POSTURAS,GERO IMOVEIS LTDA,07.375.902/0001-51 ,"5997,78",14/10/2026,BN 676 337 236 BR,49036/2026,LEANDRO,,AR RECEBIDA EM 17/09/2026,,,,,,,
14/09/2026,PA 349/2026,POSTURAS,LUIZ CLAUDIO EVANGELISTA ,000.899.786-17 ,"5997,78",14/10/2026,BN 676 337 165 BR,49040/2026,LUIZ, 51936/2026,AR RECEBIDA EM 18/09/2026,,,,,,,
14/09/2026,PA 350/2026,POSTURAS,ESPOLIO DE RONALDO TORQUATO DE SOUZA,471.998.226-34,5398,14/10/2026,BN 676 337 182 BR,49048/2026,CRISTIANE,,AR RECEBIDA EM 22/09/2026,,,,,,,
14/09/2026,PA 352/2026,POSTURAS,IMOBILIARIA NOGUEIRA LTDA,20.916.698/0001-05,"4848,21",14/10/2026,BN 676 337 134  BR,49051/2026,SANDRA,,AR RECEBIDA EM 18/09/2026,,,,,,,
14/09/2026,PA 355/2026,POSTURAS,IMOBILIARIA NOGUEIRA LTDA,20.916.698/0001-05,"4848,21",14/10/2026,BN 676 337 134  BR,49063/2026,SANDRA,,AR RECEBIDA EM 18/09/2026,,,,,,,
14/09/2026,PA 357/2026,POSTURAS,EDUARDO MACHADO MATTAR,624.960.006-00,"6001,95",14/10/2026,BN 676 337 222 BR,49069/2026,MARIELLE,51635/2026,AR RECEBIDA EM 17/09/2026,,,,,,,
14/09/2026,PA 358/2026,POSTURAS,GERO IMOVEIS LTDA,07.375.902/0001-51,"5994,11",15/10/2026,BN 676 337 236 BR,49070/2026,LEANDRO,,AR RECEBIDA EM 17/09/2026,,,,,,,
14/09/2026,PA 359/2026,POSTURAS,MUCIO MENEZES MESQUITA,774.717.256-72,"5920,31",15/10/2026,BN 676 337 179 BR,49075/2026,JOéO,,"AR VOLTOU EM 22/09/2026 "" MUDOU-SE"" - PUBLICADO EM 28/09/26",,,,,,,
14/09/2026,PA 360/2026,POSTURAS,VINICIUS ANANIAS DA SILVA,123.633.556-28,"6522,59",15/10/2026,BN 676 337 341 BR,49078/2026,LEANDRO,,,,,,,,,
15/09/2026,PA 361/2026,POSTURAS,ATD NEWS INCORPORACOES LTDA,53.514.333/0001-03,"6522,59",15/10/2026,BN 676 337 275 BR,49200/2026,LEANDRO,,AR RECEBIDA EM 18/09/2026,,,,,,,
15/09/2026,PA 363/2026,POSTURAS,JOAQUIM FERREIRA NETO,358.108.586-00,"5997,78",15/10/2026,BN 676 337 355 BR,49202/2026,LUIZ,,AR RECEBIDA EM 17/09/2026,,,,,,,
15/09/2026,PA 364/2026,POSTURAS,MAURILIO FONSECA,029.547.798-96,"3248,8",15/10/2026,BN 676 337 284 BR,49204/2026,SANDRA,,,,,,,,,
15/09/2026,PA 365/2026,POSTURAS,LUIZ EUSTAQUIO PEREIRA,130.577.156-72,"8196,97",15/10/2026,BN 676 337 298 BR,49206/2026,SANDRA,,"AR VOLTOU EM 22/09/2026 "" ENDEREÄO INSUFICIENTE"" - PUBLICADO EM 28/09/26",,,,,,,
15/09/2026,PA 289/2026,POSTURAS,PAULA DE FATIMA BARBOSA ,060.669.746-29,"4998,15",16/10/2026,BN 676 337 443 BR,49723/2026,JOéO,,,,,,,,,
15/09/2026,PA 287/2026,POSTURAS,HIRAMA ALVES GARCIA LEAO ,154.417.096-34,"3332,1",15/10/2026,BN 676 337 307 BR,49217/2026,MARIELLE,,"AR VOLTOU EM 22/09/2026 "" MUDOU-SE"" - PUBLICADO EM 28/09/26",,,,,,,
15/09/2026,PA 354/2026,POSTURAS,JOAO JOAQUIM DA COSTA ,357.521.906-06,"5997,78",15/10/2026,BN 676 337 315 BR,49219/2026,SANDRA,,,,,,,,,
15/09/2026,PA 356/2026,POSTURAS,GERALDO NUNES ,025.791.466-87,"4848,21",15/10/2026,BN 676 337 390 BR,49228/2026,SANDRA,,AR RECEBIDA EM 17/09/2026,,,,,,,
15/09/2026,PA 368/2026,POSTURAS,EDMAR APARECIDO DA CUNHA ,681.821.636-68 ,"4798,22",15/10/2026,BN 676 337 240 BR,49244/2026,SABRINA,,AR RECEBIDA EM 21/09/2026,,,,,,,
15/09/2026,PA 369/2026,POSTURAS,LENILCA NOGUEIRA MICHELINI ,098.938.066-15 ,"6664,2",15/10/2026,BN 676 337 409 BR,49248/2026,MÜRCIO,,AR RECEBIDA EM 18/09/2026,,,,,,,
15/09/2026,PA 371/2026,POSTURAS,GERALDO NUNES ,025.791.466-87 ,"1332,84",15/10/2026,BN 676 337 390 BR,49251/2026,SANDRA,,AR RECEBIDA EM 17/09/2026,,,,,,,
15/09/2026,PA 372/2026,POSTURAS,CONSTRUTORA KPM LTDA ,30.064.468/0001-00 ,"5997,78",15/10/2026,BN 676 337 253 BR,49253/2026,SABRINA,52887/2026,AR RECEBIDA EM 18/09/2026,,,,,,,
15/09/2026,PA 367/2026,POSTURAS,HOLY EMPREENDIMENTOS E PARTICIPACOES S/A ,01.429.122/0001-60 ,"4798,22",15/10/2026,BN 676 337  267 BR,49256/2026,SABRINA,,,,,,,,,
15/09/2026,PA 376/2026,POSTURAS,LENILCA NOGUEIRA MICHELINI,098.938.066-15 ,"6664,2",15/10/2026,BN 676 337 409 BR,49322/2026,MÜRCIO,,AR RECEBIDA EM 18/09/2026,,,,,,,
15/09/2026,PA 373/2026,POSTURAS,AGUINALDO ANGELO SILVA,876.725.966-91,"1110,7",16/10/2026,BN 676 337 430 BR,49665/2026,MARIELLE,,AR RECEBIDA EM 21/09/2026,,,,,,,
15/09/2026,PA 374/2026,POSTURAS,ROGERIA APARECIDA DE OLIVEIRA SILVA,880.060.266-53,"4998,15",15/10/2026,BN 676 337 386 BR,49325/2026,JOéO,,AR RECEBIDA EM 18/09/2026,,,,,,,
15/09/2026,PA 379/2026,POSTURAS,ANTONIO CELIO GONCALVES,908.636.746-15,"1554,98",15/10/2026,BN 676 337 457 BR,49330/2026,LUIZA,,,,,,,,,
15/09/2026,PA 381/2026,POSTURAS,CLAUDIO GOCALVES DE OLIVEIRA,636.591.156-49,"13744,91",15/10/2026,BN 676 337 324 BR,49338/2026,RåMULO,,AR RECEBIDA EM 18/09/2026,,,,,,,
15/09/2026,PA 382/2026,POSTURAS,GERALDO NUNES,025.791.466-87,"1332,84",15/10/2026,BN 676 337 390 BR,49342/2026,SANDRA,,AR RECEBIDA EM 17/09/2026,,,,,,,
15/09/2026,PA 378/2026,POSTURAS,GISLAINE DIAS LOPES,667.185.626-53,"5997,78",16/10/2026,BN 676 337 412 BR,49353/2026,RåMULO,,AR RECEBIDA EM 17/09/2026,,,,,,,
15/09/2026,PA 389/2026,POSTURAS,KAPE EMPREENDIMENTOS IMOBILIARIOS LTDA,63.462.232/0001-81,"4998,15",16/10/2026,BN 676 337 426 BR,49357/2026,RåMULO,,,,,,,,,
15/09/2026,PA 390/2026,POSTURAS,ESPOLIO DE SEBASTIAO PAULINO,257.799.236-04,"1332,84",16/10/2026,BN 676 337 369 BR,49538/2026,LUIZA,,"AR VOLTOU EM 25/09/2026 ""MUDOU-SE "" - PUBLICADO EM 01/10/26",,,,,,,
15/09/2026,PA 394/2026,POSTURAS,ESPOLIO DE SEBASTIAO PAULINO,257.799.236-04,"1332,84",16/10/2026,BN 676 337 369 BR,49540/2026,LUIZA,,"AR VOLTOU EM 25/09/2026 ""MUDOU-SE "" - PUBLICADO EM 01/10/26",,,,,,,
15/09/2026,PA 393/2026,POSTURAS,LENILCA NOGUEIRA MICHELINI,098.938.066-15 ,"6664,2",16/10/2026,BN 676 337 409 BR,49381/2026,MÜRCIO,,AR RECEBIDA EM 18/09/2026,,,,,,,
15/09/2026,PA 395/2026,POSTURAS,QGT EMPREENDIMENTOS E CONSTRUÄôES LTDA,18.731.778/0001-36,"5148,09",16/10/2026,BN 676 337 372 BR,49559/2026,SANDRA,,"VOLTOU EM 29/09/2026 ""MUDOU-SE"" - PUBLICADO EM 02/10/26",,,,,,,
15/09/2026,PA 396/2026,POSTURAS,MOVIMENTO INOVAÄéO DAS CIDADES - INOVACIDADES,59.980.285/0001-17,"2887,82",16/10/2026,BN 676 337 514 BR,49583/2026,LUIZA,,"AR VOLTOU EM 24/09/2026 ""DESCONHECIDO"" - PUBLICADO EM 28/09/26",,,,,,,
15/09/2026,PA 397/2026,POSTURAS,MOVIMENTO INOVAÄéO DAS CIDADES - INOVACIDADES,59.980.285/0001-17,"2887,82",16/10/2026,BN 676 337 514 BR,49586/2026,LUIZA,,"AR VOLTOU EM 24/09/2026 ""DESCONHECIDO"" - PUBLICADO EM 28/09/26",,,,,,,
15/09/2026,PA 399/2026 ,POSTURAS,THAIRINE RODRIGUES DA SILVA,430.773.208-19,"1332,84",16/10/2026,BN 676 337 655 BR,49725/2026,LUIZA,,,,,,,,,
15/09/2026,PA 400/2026,POSTURAS,THAIRINE RODRIGUES DA SILVA,430.773.208-19,"1332,84",19/10/2026,BN 676 337 655 BR,50220/2026,LUIZA,,,,,,,,,
15/09/2026,PA 387/2026,POSTURAS,SIGILO EMPREENDIMENTOS LTDA,19.153.915/0001-65,"6830,8",19/10/2026,BN 676 337 647 BR,50226/2026,RåMULO,,,,,,,,,
15/09/2026,PA 388/2026,POSTURAS,KAPE EMPREENDIMENTOS IMOBILIARIOS LTDA ,63.462.232/0001-81 ,"7247,32",21/10/2026,BN 676 337 616 BR,50407/2026,RåMULO,,,,,,,,,
15/09/2026,PA 386/2026,POSTURAS,ANTONIO CELIO GONCALVES ,908.636.746-15 ,"1554,98",19/10/2026,BN 676 337 457 BR,49761/2026,LUIZA,,,,,,,,,
15/09/2026,PA 385/2026,POSTURAS,SIGILO EMPREENDIMENTOS LTDA,19.153.915/0001-65,"2998,89",19/10/2026,BN 676 337 647 BR,50228/2026,RåMULO,,,,,,,,,
15/09/2026,PA 392/2026,POSTURAS,ESPOLIO DE VANDERLEI ANTONIO DE FREITAS,124.192.906-82,"4998,15",21/10/2026,BN 676 337 545 BR,50410/2026,MÜRCIO,,,,,,,,,
15/09/2026,PA 293/2026,POSTURAS,JOSE NILSON CORDEIRO DE CAMARGOS,256.138.716-04,"5997,78",21/10/2026,BN 676 337 531 BR,50438/2026,SANDRA,,AR RECEBIDO EM 24/09/2026,,,,,,,
15/09/2026,PA 324/2026,POSTURAS,TANIA CRISTINA DE OLIVEIRA,032.574.756-32,"3332,1",21/10/2026,BN 676 337 528 BR,50440/2026,RåMULO,,,,,,,,,
15/09/2026,PA 401/2026,POSTURAS,MARCO TULIO NOGUEIRA,865.810.906-20,"2887,82",21/10/2026,BN 676 337 593 BR,50443/2026,LUIZA,,AR RECEBIDO EM 25/09/2026,,,,,,,
15/09/2026,PA 402/2026,POSTURAS,ALMEIDA FARIA EMPREEND. E PARTIC. LIMITADA,21.442.165/0001-93,"1332,84",21/10/2026,BN 676 337 580 BR,50445/2026,LUIZA,,"VOLTOU EM 29/09/2026 ""ENDEREÄO INSUFICIENTE "" - PUBLICADO EM 02/10/26",,,,,,,
15/09/2026,PA 403/2026,POSTURAS,MARIA BETANIA DE ASSIS ,294.184.706-59,"4798,22",21/10/2026,BN 676 337 576 BR,50448/2026,MARIELLE,,"VOLTOU EM 29/09/2026 ""MUDOU-SE "" - PUBLICADO EM 02/10/26",,,,,,,
15/09/2026,PA 404/2026,POSTURAS,ALMEIDA FARIA EMPREEND. E PARTIC. LIMITADA,21.442.165/0001-93,"1332,84",21/10/2026,BN 676 337 580 BR,50446/2026,LUIZA,,"VOLTOU EM 29/09/2026 ""ENDEREÄO INSUFICIENTE "" - PUBLICADO EM 02/10/26",,,,,,,
15/09/2026,PA 407/2026,POSTURAS,SORAYA MARIA DE ALMADA NOGUEIRA,437.089.436-00,"2332,47",21/10/2026,BN 676 337 602 BR,50452/2026,LUIZA,,,,,,,,,
15/09/2026,PA 408/2026,POSTURAS,QGT EMPREENDIMENTOS E CONSTRUCOES LTDA,18.731.778/0001-36,"1144,02",16/10/2026,BN 676 337 372 BR,49567/2026,SANDRA,,"VOLTOU EM 29/09/2026 ""MUDOU-SE"" - PUBLICADO EM 02/10/26",,,,,,,
15/09/2026,PA 410/2026,POSTURAS,LEOCI RODRIGUES DOS SANTOS / OUT,357.728.166-91,"4998,15",21/10/2026,BN 676 337 488 BR,50486/2026,MÜRCIO,,AR RECEBIDO EM 25/09/2026,,,,,,,
15/09/2026,PA 411/2026,POSTURAS,QGT EMPREENDIMENTOS E CONSTRUCOES LTDA,18.731.778/0001-36,"1144,02",16/10/2026,BN 676 337 372 BR,49563/2026,SANDRA,,"VOLTOU EM 29/09/2026 ""MUDOU-SE"" - PUBLICADO EM 02/10/26",,,,,,,
15/09/2026,PA 419/2026,POSTURAS,(ESPüLIO) FELIPE GOMES DE OLIVEIRA,038.023.206-54,"9495,49",21/10/2026,BN 676 337 559 BR,50490/2026,RåMULO,,,,,,,,,
15/09/2026,PA 414/2026,POSTURAS,DIVINO FRANCISCO DAS CHAGAS,124.129.536-00,"5198,08",21/10/2026,BN 676 337 491 BR,50492/2026,LUIZ,53246/2026 ,AR RECEBIDO EM 24/09/2026,,,,,,,
15/09/2026,PA 416/2026,POSTURAS,DIVINO FRANCISCO DAS CHAGAS,124.129.536-00,"2887,82",21/10/2026,BN 676 337 491 BR,50495/2026,LUIZ,53246/2026 ,AR RECEBIDO EM 24/09/2026,,,,,,,
15/09/2026,PA 417/2026,POSTURAS,DIVINO FRANCISCO DAS CHAGAS,124.129.536-00,"2887,82",21/10/2026,BN 676 337 491 BR,50496/2026,LUIZ,53246/2026 ,AR RECEBIDO EM 24/09/2026,,,,,,,
15/09/2026,PA 409/2026,POSTURAS,SORAYA MARIA DE ALMADA NOGUEIRA,437.089.436-00,"2332,47",21/10/2026,BN 676 337 602 BR,50482/2026,LUIZA,,,,,,,,,
15/09/2026,PA 412/2026,POSTURAS,TEMPLO EMPREENDIMENTOS LTDA,01.563.671/0001-23,"5829,01",21/10/2026,BN 676 337 664 BR,50554/2026,MARIELLE,,AR RECEBIDO EM 25/09/2026,,,,,,,
16/09/2026,PA 420/2026,POSTURAS,PUREZA BARBARA FRANCISCA,023.304.328.44,"4998,15",21/10/2026,BN 676 337 704 BR,50558/2026,CRISTIANE,,,,,,,,,
16/09/2026,PA 421/2026,POSTURAS,IMTERSOL - IMOBILIÜRIA TERRA DO SOL,18.292.722/0001-22,"6897,45",21/10/2026,BN 676 337 721 BR,50560/2026,CRISTIANE,,AR RECEBIDO EM 25/09/2026,,,,,,,
16/09/2026,PA 425/2026,POSTURAS,VENIT-ADM. E CORRETORA DE SEGUROS LTDA,00.575.682/0001-60,"1332,84",21/10/2026,BN 676 337 681 BR,50564/2026,LUIZ,,"AR VOLTOU EM 25/09/2026 ""DESCONHECIDO "" - PUBLICADO EM 01/10/26",,,,,,,
16/09/2026,PA 423/2026,POSTURAS,VENIT-ADM. E CORRETORA DE SEGUROS LTDA,00.575.682/0001-60,"1332,84",21/10/2026,BN 676 337 681 BR,50565/2026,LUIZ,,"AR VOLTOU EM 25/09/2026 ""DESCONHECIDO "" - PUBLICADO EM 01/10/26",,,,,,,
16/09/2026,PA 422/2026,POSTURAS,VENIT-ADM. E CORRETORA DE SEGUROS LTDA,00.575.682/0001-60,"5198,08",21/10/2026,BN 676 337 681 BR,50569/2026,LUIZ,,"AR VOLTOU EM 25/09/2026 ""DESCONHECIDO "" - PUBLICADO EM 01/10/26",,,,,,,
16/09/2026,PA 424/2026,POSTURAS,JURANDIR VITOI DO NASCIMENTO,124.208.326-04,"5318,03",21/10/2026,BN 676 337 695 BR,50570/2026,REGINA,,AR RECEBIDA EM 29/09/2026,,,,,,,
16/09/2026,PA 428/2026,POSTURAS,SEBASTIAO ROSA MUNIZ,397.368.066-34,"1332,84",21/10/2026,BN 676 337 704 BR,50571/2026,LUIZ,,AR RECEBIDA EM 29/09/2026,,,,,,,
16/09/2026,PA 427/2026,POSTURAS,SEBASTIAO ROSA MUNIZ,397.368.066-34,"1332,84",21/10/2026,BN 676 337 704 BR,50574/2026,LUIZ,,AR RECEBIDA EM 29/09/2026,,,,,,,
16/09/2026,PA 426/2026,POSTURAS,SEBASTIAO ROSA MUNIZ,397.368.066-34,"5198,08",21/10/2026,BN 676 337 704 BR,50576/2026,LUIZ,,AR RECEBIDA EM 29/09/2026,,,,,,,
16/09/2026,PA 430/2026,POSTURAS,CLAUDIO PEREIRA TELES,835.735.266-91,"6664,2",21/10/2026,BN 676 337 718 BR,50578/2026,MÜRCIO,,"AR VOLTOU EM 25/09/2026 ""ENDEREÄO INSUFICIENTE'' - PUBLICADO EM 01/10/2026",,,,,,,
16/09/2026,PA 431/2026,POSTURAS,DORINO MARTINS COELHO,515.912.196-04,"1332,84",23/10/2026,BN 676 337 871 BR,51114/2026,RåMULO,,"AR VOLTOU EM 25/09/2026 ""NéO EXISTE NUMERO INDICADO "" - PUBLICADO EM 01/10/26",,,,,,,
18/09/2026,PA 432/2026,POSTURAS,SANDRO ILSON ALVES BUENO,080.030.736-42,"5198,08",21/10/2026,BN 676 337 749 BR,50593/2026,LUIZ,,,,,,,,,
18/09/2026,PA 437/2026,POSTURAS,SINFRONIO BATISTA DOS SANTOS,001.656.546-00,"7463,9",21/10/2026,BN 676 337 735 BR,50604/2026,REGINA,,,,,,,,,
18/09/2026,PA 438/2026,POSTURAS,ESPOLIO DE JURACI AGOSTINHO,444.319.106-20,"1110,7",22/10/2026,BN 676 337 770 BR,50810/2026,MÜRCIO,,,,,,,,,
18/09/2026,PA 442/2026,POSTURAS,SINFRONIO BATISTA DOS SANTOS,001.656.546-00,"8146,98",21/10/2026,BN 676 337 735 BR,50609/2026,REGINA,,,,,,,,,
18/09/2026,PA 444/2026,POSTURAS,WILLIAM JORGE RAMOS GOMES,100.366.966-25,"1110,7",22/10/2026,BN 676 337 766 BR,50811/2026,MÜRCIO,,AR RECEBIDO EM 25/09/2026,,,,,,,
18/09/2026,PA 429/2026,POSTURAS,RINALDO APARECIDO DA SILVA,443.822.866-20,"4109,59",22/10/2026,BN 676 337 783 BR,50813/2026,JOéO,53360/2026 ,AR RECEBIDO EM 25/09/2026,,,,,,,
18/09/2026,PA 448/2026,POSTURAS,RINALDO APARECIDO DA SILVA,443.822.866-20,"4109,59",22/10/2026,BN 676 337 783 BR,50816/2026,JOéO,53360/2026 ,AR RECEBIDO EM 25/09/2026,,,,,,,
18/09/2026,PA 452/2026,POSTURAS,JOSE MIGUEL DOS PRAZERES,241.896.696-87,"1666,05",22/10/2026,BN 676 337 797 BR,50817/2026,MÜRCIO,,AR RECEBIDO EM 24/09/2026,,,,,,,
18/09/2026,PA 453/2026,POSTURAS,RAIMUNDO ANTONIO TAVARES,493.837.796-91,"1110,7",22/10/2026,BN 676 337 806 BR,50820/2026,SANDRA,,,,,,,,,
18/09/2026,PA 458/2026,POSTURAS,RAFAEL MARTINS FREITAS,105.707.676-79,"6289,34",22/10/2026,BN 676 337 939 BR,50837/2026,GLÜUCIO,,,,,,,,,
21/09/2026,PA 459/2026,POSTURAS,ESPOLIO DE ORLANDO GUIMARAES,004.021.176-20,"3332,1",22/10/2026,BN 676 337 823 BR,50839/2026,MÜRCIO,,AR RECEBIDA EM 28/09/2026,,,,,,,
21/09/2026,PA 467/2026,POSTURAS,IMOBILIARIA NOGUEIRA LTDA,20.916.698/0001-05,"4059,5",23/10/2026,BN 676 337 854 BR,51116/2026,SANDRA,,AR RECEBIDO EM 25/09/2026,,,,,,,
21/09/2026,PA 457/2026,POSTURAS,ESPOLIO DE ORLANDO GUIMARAES,004.021.176-20,"5997,78",22/10/2026,BN 676 337 823 BR,50842/2026,MÜRCIO,,AR RECEBIDA EM 28/09/2026,,,,,,,
21/09/2026,PA 468/2026,POSTURAS,RAINIER DOUGLAS CORDEIRO,241.544.076-00,"4998,15",23/10/2026,BN 676 337 845 BR,51117/2026,MARIELLE,,AR RECEBIDO EM 24/09/2026,,,,,,,
21/09/2026,PA 469/2026,POSTURAS,SINFRONIO BATISTA DOS SANTOS,001.656.546-00,"1222,88",21/10/2026,BN 676 337 735 BR,50610/2026,REGINA,,,,,,,,,
21/09/2026,PA 470/2026,POSTURAS,ROSENILCE CHERIE MOURAO GONTIJO RESENDE,397.510.316-72,"7493,89",23/10/2026,BN 676 337 885 BR,51119/2026,MARIELLE,,AR RECEBIDO EM 24/09/2026,,,,,,,
21/09/2026,PA 471/2026,POSTURAS,ERIKA SILVA SANTOS,048.985.816-33,"1110,7",23/10/2026,BN 676 337 899 BR,51120/2026,SANDRA,,"VOLTOU EM 29/09/2026 ""DESCONHECIDO "" - PUBLICADO EM 02/10/26",,,,,,,
21/09/2026,PA 472/2026,POSTURAS,SINFRONIO BATISTA DOS SANTOS,001.656.546-00,"1333,95",21/10/2026,BN 676 337 735 BR,50615/2026,REGINA,,,,,,,,,
21/09/2026,PA 418/2026,POSTURAS,NOELSON MARTINS PEREIRA,835.509.416-68,"2665,68",23/10/2026,BN 676 337 908 BR,51126/2026,RåMULO,,AR RECEBIDO EM 24/09/2026,,,,,,,
21/09/2026,PA 473/2026,POSTURAS,MATHEUS HENRIQUE GONCALVES RAPOSO,055.477.856-44,"4498,34",23/10/2026,BN 676 337 911 BR,51130/2026,MÜRCIO,,"AR VOLTOU EM 25/09/2026 ""ENDEREÄO INSUFICIENTE'' - PUBLICADO EM 01/10/2026",,,,,,,
21/09/2026,PA 475/2026,POSTURAS,ANTONIO MARCOS DOS SANTOS,143.859.106-34,"7997,04",23/10/2026,BN 676 337 868 BR,51132/2026,MÜRCIO,53167/2026 ,AR RECEBIDO EM 25/09/2026,,,,,,,
21/09/2026,PA 476/2026,POSTURAS,MAURO ISAIAS RODRIGUES,257.800.776-49,"2354,68",23/10/2026,BN 676 337 956 BR,51135/2026,LUIZ,,AR RECEBIDA EM 29/09/2026,,,,,,,
21/09/2026,PA 478/2026,POSTURAS,MAURO ISAIAS RODRIGUES,257.800.776-49,"2354,68",23/10/2026,BN 676 337 956 BR,51136/2026,LUIZ,,AR RECEBIDA EM 29/09/2026,,,,,,,
21/09/2026,PA 480/2026,POSTURAS,MAURO GONTIJO DA FONSECA,141.169.366-34,"5847,84",23/10/2026,BN 676 337 942 BR,51147/2026,MÜRCIO,,AR RECEBIDO EM 28/09/2026,,,,,,,
21/09/2026,PA 481/2026,POSTURAS,MARIA DE FATIMA GONTIJO,956.094.586-68,"4948,17",23/10/2026,BN 676 337 925 BR,51148/2026,MÜRCIO,,AR RECEBIDO EM 28/09/2026,,,,,,,
21/09/2026,PA 484/2026,POSTURAS,SINFRONIO BATISTA DOS SANTOS,001.656.546-00,"7463,9",21/10/2026,BN 676 337 735 BR,50620/2026,REGINA,,,,,,,,,
21/09/2026,PA 482/2026,POSTURAS,ALEXANDRE CRISTIAN RESENDE,062.119.346-10,"1999,26",23/10/2026,BN 676 337 987 BR,51149/2026,SANDRA,53248/2026 ,AR RECEBIDA EM 29/09/2026,,,,,,,
21/09/2026,PA 487/2026,POSTURAS,RODRIGO EVANGELISTA,902.225.806-82,"1110,7",23/10/2026,BN 676 337 995 BR,51159/2026,LUIZA,,AR RECEBIDA EM 29/09/2026,,,,,,,
21/09/2026,PA 450/2026,POSTURAS,JOSE MIGUEL DOS PRAZERES,241.896.696-87,"3332,1",22/10/2026,BN 676 337 797 BR,50819/2026,MÜRCIO,,,,,,,,,
21/09/2026,PA 493/2026,POSTURAS,SINFRONIO BATISTA DOS SANTOS,001.656.546-00,"1336,17",21/10/2026,BN 676 337 735 BR,50623/2026,REGINA,,,,,,,,,
21/09/2026,PA 492/2026,POSTURAS,SINFRONIO BATISTA DOS SANTOS,001.656.546-00,"4548,32",21/10/2026,BN 676 337 735 BR,50665/2026,REGINA,,,,,,,,,
21/09/2026,PA 489/2026,POSTURAS,SINFRONIO BATISTA DOS SANTOS,001.656.546-00,"4165,13",21/10/2026,BN 676 337 735 BR,50666/2026,REGINA,,,,,,,,,
21/09/2026,PA 490/2026,POSTURAS,SINFRONIO BATISTA DOS SANTOS,001.656.546-00,"1222,88",21/10/2026,BN 676 337 735 BR,50667/2026,REGINA,,,,,,,,,
21/09/2026,PA 406/2026,POSTURAS,CLAUDIO PEREIRA TELES,835.735.266-91,"5997,78",21/10/2026,BN 676 337 718 BR,50580/2026,MÜRCIO,,"AR VOLTOU EM 25/09/2026 ""ENDEREÄO INSUFICIENTE'' - PUBLICADO EM 01/10/2026",,,,,,,
21/09/2026,PA 494/2026,POSTURAS,PEDRO BERNADINO DE LUCENA,557.312.016-68,"3911,89",26/10/2026,BN 676 337 973 BR,51517/2026,MÜRCIO,,,,,,,,,
21/09/2026,PA 495/2026,POSTURAS,PEDRO BERNADINO DE LUCENA,557.312.016-68,"3406,52",26/10/2026,BN 676 337 973 BR,51526/2026,MÜRCIO,,,,,,,,,
21/09/2026,PA 496/2026,POSTURAS,PEDRO BERNADINO DE LUCENA,557.312.016-68,"3406,52",26/10/2026,BN 676 337 973 BR,51527/2026,MÜRCIO,,,,,,,,,
21/09/2026,PA 491/2026,POSTURAS,LEONARDO SAVIO DE ALCANTARA,985.626.816-87,"6039,43",26/10/2026,BN 676 337 960 BR,51531/2026,JOéO,,AR RECEBIDO EM 28/09/2026,,,,,,,
21/09/2026,PA 576/2026,POSTURAS,LEONARDO SAVIO DE ALCANTARA,985.626.816-87,"2776,75",26/10/2026,BN 676 337 960 BR,51537/2026,JOéO,,AR RECEBIDO EM 28/09/2026,,,,,,,
21/09/2026,PA 497/2026,POSTURAS,LEONARDO SAVIO DE ALCANTARA,985.626.816-87,"2776,75",26/10/2026,BN 676 337 960 BR,51540/2026,JOéO,,AR RECEBIDO EM 28/09/2026,,,,,,,
21/09/2026,PA 499/2026,POSTURAS,LEONARDO SAVIO DE ALCANTARA,985.626.816-87,"5414,66",26/10/2026,BN 676 337 960 BR,51592/2026,JOéO,,AR RECEBIDO EM 28/09/2026,,,,,,,
21/09/2026,PA 498/2026,POSTURAS,ROZA FRANCISCA DE SOUZA,469.883.436-87,"1110,7",26/10/2026,BN 676 338 041 BR,51620/2026,SANDRA,,"VOLTOU EM 01/10/2026 ""DESCONHECIDO""",,,,,,,
21/09/2026,PA 500/2026,POSTURAS,TEODORO FERREIRA NETO,016.999.466-04,"4998,15",26/10/2026,BN 676 338 038 BR,51623/2026,MÜRCIO,,,,,,,,,
21/09/2026,PA 501/2026,POSTURAS,MARCIO ANDRE SILVA,098.801.536-69,"4998,15",26/10/2026,BN 676 338 090 BR,51751/2026,MÜRCIO,53525/2026 ,,,,,,,,
21/09/2026,PA 502/2026,POSTURAS,VALMIRA DE FIGUEIREDO,005.976.596-80,"4998,15",26/10/2026,BN 676 338 086 BR,51752/2026,MÜRCIO,,,,,,,,,
21/09/2026,PA 503/2026,POSTURAS,SEBASTIAO FERREIRA DA SILVA,573.120.528-00,"2221,4",26/10/2026,BN 676 338 810 BR,51755/2026,SANDRA,,,,,,,,,
21/09/2026,PA 504/2026,POSTURAS,MARCELO BERNARDES,000.922.206-57,"4998,15",26/10/2026,BN 676 338 072 BR,51756/2026,MÜRCIO,,,,,,,,,
21/09/2026,PA 505/2026,POSTURAS,CARLOS ALBERTO DE SOUSA DA SILVA,052.400.626-17,"4998,15",26/10/2026,BN 676 338 069 BR,51757/2026,MÜRCIO,,,,,,,,,
21/09/2026,PA 506/2026,POSTURAS,JONAS LOURENCO DIAS,475.085.076-49,"4998,15",26/10/2026,BN 676 338 055 BR,51759/2026,MÜRCIO,,,,,,,,,
21/09/2026,PA 507/2026,POSTURAS,TEODORO FERREIRA NETO,016.999.466-04,"4998,15",26/10/2026,BN 676 338 038 BR,51626/2026,MÜRCIO,,,,,,,,,
21/09/2026,PA 508/2026,POSTURAS,TEODORO FERREIRA NETO,016.999.466-04,"4998,15",26/10/2026,BN 676 338 038 BR,51628/2026,MÜRCIO,,,,,,,,,
21/09/2026,PA 510/2026,POSTURAS,OSMAR ORDALINO DA COSTA,567.437.426-00,"1332,84",26/10/2026,BN 676 338 109 BR,51764/2026,SANDRA,,,,,,,,,
21/09/2026,PA 511/2026,POSTURAS,OSMAR ORDALINO DA COSTA,567.437.426-00,"1332,84",26/10/2026,BN 676 338 109 BR,51766/2026,SANDRA,,,,,,,,,
21/09/2026,PA 512/2026,POSTURAS,OSMAR ORDALINO DA COSTA,567.437.426-00,"1332,84",26/10/2026,BN 676 338 109 BR,51768/2026,SANDRA,,,,,,,,,
21/09/2026,PA 513/2026,POSTURAS,OSMAR ORDALINO DA COSTA,567.437.426-00,"1332,84",26/10/2026,BN 676 338 109 BR,51776/2026,SANDRA,,,,,,,,,
21/09/2026,PA 514/2026,POSTURAS,CLEBER ISMAEL DOS SANTOS,032.821.736-01,"1332,84",28/10/2026,BN 676 338 228 BR,52086/2026,RåMULO,,,,,,,,,
21/09/2026,PA 515/2026,POSTURAS,CLEBER ISMAEL DOS SANTOS,032.821.736-01,"1332,84",28/10/2026,BN 676 338 228 BR,52088/2026,RåMULO,,,,,,,,,
21/09/2026,PA 516/2026,POSTURAS,ARAILTON GOMES RIBEIRO,866.112.596-00,"1332,84",28/10/2026,BN 676 338 214 BR,52093/2026,RåMULO,,,,,,,,,
21/09/2026,PA 518/2026,POSTURAS,OSIDIA MARIA RIBEIRO SERGIO,056.199.056-59,"3665,31",28/10/2026,BN 676 338 205 BR,52095/2026,EVALDO,,,,,,,,,
21/09/2026,PA 521/2026,POSTURAS,OSIDIA MARIA RIBEIRO SERGIO,056.199.056-59,"2443,54",28/10/2026,BN 676 338 205 BR,52105/2026,EVALDO,,,,,,,,,
21/09/2026,PA 522/2026,POSTURAS,OSIDIA MARIA RIBEIRO SERGIO,056.199.056-59,"2443,54",28/10/2026,BN 676 338 205 BR,52108/2026,EVALDO,,,,,,,,,
21/09/2026,PA 520/2026,POSTURAS,WELITON CORREIA DA SILVA,606.977.846-49,"2665,68",28/10/2026,BN 676 338 165 BR,52115/2026,RåMULO,,,,,,,,,
21/09/2026,PA 523/2026,POSTURAS,ANTONIO ALIPIO SOARES DE OLIVEIRA,949.881.106-72,"1110,7",28/10/2026,BN 676 338 276 BR,52117/2026,RåMULO,,,,,,,,,
22/09/2026,PA 433/2026,POSTURAS,DORINO MARTINS COELHO,515.912.196-04,"1332,84",23/10/2026,BN 676 337 871 BR,51115/2026,RåMULO,,"AR VOLTOU EM 25/09/2026 ""NéO EXISTE NUMERO INDICADO "" - PUBLICADO EM 01/10/26",,,,,,,
22/09/2026,PA 525/2026,POSTURAS,ALTAMIRO DOS SANTOS SEGUNDO-FIRMA INDIVIDUAL,17.645.912/0001-13,"2776,75",28/10/2026,BN 676 338 259 BR,52120/2026,CRISTIANE,,,,,,,,,
22/09/2026,PA 527/2026,POSTURAS,LEONARDO SAVIO DE ALCANTARA,985.626.816-87,"1443,91",28/10/2026,BN 676 338 280 BR,52136/2026,JOéO,,,,,,,,,
22/09/2026,PA 528/2026,POSTURAS,LEONARDO SAVIO DE ALCANTARA,985.626.816-87,"1443,91",28/10/2026,BN 676 338 280 BR,52183/2026,JOéO,,,,,,,,,
22/09/2026,PA 529/2026,POSTURAS,RENI PEREIRA,129.133.166-20,"583,12",28/10/2026,BN 676 338 333 BR,52189/2026,SANDRA,,,,,,,,,
22/09/2026,PA 530/2026,POSTURAS,RAFAEL ARAUJO FREITAS,101.237.806-32,"5414,66",28/10/2026,BN 676 338 347 BR,52190/2026,JOéO,,,,,,,,,
22/09/2026,PA 531/2026,POSTURAS,AGUINALDO DA SILVA MENDONCA,908.717.406-30,"1999,26",28/10/2026,BN 676 338 316 BR,52198/2026,LUIZA,,,,,,,,,
22/09/2026,PA 532/2026,POSTURAS,SERGIO RENATO ARAUJO FREITAS,080.461.416-40,"5414,66",28/10/2026,BN 676 338 355 BR,52207/2026,JOéO,,,,,,,,,
22/09/2026,PA 533/2026,POSTURAS,AGUINALDO DA SILVA MENDONCA,908.717.406-30,"1999,26",28/10/2026,BN 676 338 316 BR,52201/2026,LUIZA,,,,,,,,,
22/09/2026,PA 534/2026,POSTURAS,BRAZ FARIA SILVA,144.512.716-49,"1110,7",28/10/2026,BN 676 338 320 BR,52208/2026,LUIZA,,,,,,,,,
22/09/2026,PA 535/2026,POSTURAS,BRAZ FARIA SILVA,144.512.716-49,"1110,7",28/10/2026,BN 676 338 320 BR,52213/2026,LUIZA,,,,,,,,,
22/09/2026,PA 536/2026,POSTURAS,MARGARIDA DAS GRACAS GOMES,444.472.806-04,"1110,7",28/10/2026,BN 676 338 302 BR,52218/2026,LUIZA,,,,,,,,,
22/09/2026,PA 537/2026,POSTURAS,MARGARIDA DAS GRACAS GOMES,444.472.806-04,"1110,7",28/10/2026,BN 676 338 302 BR,52219/2026,LUIZA,,,,,,,,,
22/09/2026,PA 539/2026,POSTURAS,AMCG PARTICIPACOES LTDA,60.385.305/0001-90,"8913,37",30/10/2026,BN 676 338 466 BR,52725/2026,MARIELLE,,,,,,,,,
22/09/2026,PA 541/2026,POSTURAS,VILMA LARA,326.793.196-72,"4998,15",30/10/2026,BN 676 338 483 BR,52727/2026,SANDRA,,,,,,,,,
22/09/2026,PA 542/2026,POSTURAS,LAERCIO PEDRO DOS SANTOS,202.947.786-91,"4998,15",30/10/2026,BN 676 338 497 BR,52735/2026,MARIELLE,,,,,,,,,
22/09/2026,PA 540/2026,POSTURAS,R.N. EMPREEND. E PART. SOCIETARIAS LTDA,13.828.252/0001-55,"4988,15",30/10/2026,BN 676 338 470 BR,52736/2026,MARIELLE,,,,,,,,,
22/09/2026,PA 543/2026,POSTURAS,R.N. EMPREEND. E PART. SOCIETARIAS LTDA,13.828.252/0001-55,"6143,23",30/10/2026,BN 676 338 470 BR,52738/2026,MARIELLE,,,,,,,,,
22/09/2026,PA 544/2026,POSTURAS,R.N. EMPREEND. E PART. SOCIETARIAS LTDA,13.828.252/0001-55,"1606,07",30/10/2026,BN 676 338 470 BR,52739/2026,MARIELLE,,,,,,,,,
22/09/2026,PA 545/2026,POSTURAS,PEDRO ARAUJO RIBEIRO,111.747.766-50,"5414,66",30/10/2026,BN 676 338 449 BR,52742/2026,JOéO,,,,,,,,,
22/09/2026,PA 546/2026,POSTURAS,ARAUJO TEXTIL LTDA,07.713.239/0001-58,"5414,56",30/10/2026,BN 676 338 452 BR,52747/2026,JOéO,,,,,,,,,
24/09/2026,PA 547/2026,POSTURAS,ESPOLIO DE VICENTE DE PAULO MORATO,003.958.976-53,"4581,64",30/10/2026,BN 676 338 395 BR,52750/2026,MÜRCIO,,,,,,,,,
24/09/2026,PA 548/2026,POSTURAS, WELLITON ALVES DE ALMEIDA,031.356.366-74,"3565,35",30/10/2026,BN 676 338 381 BR,52753/2026,MÜRCIO,,,,,,,,,
24/09/2026,PA 551/2026,POSTURAS, WELLITON ALVES DE ALMEIDA,031.356.366-74,"721,4",30/10/2026,BN 676 338 381 BR,52755/2026,MÜRCIO,,,,,,,,,
24/09/2026,PA 552/2026,POSTURAS,COMP. HABIT.  ESTADO DE MINAS GERAIS-COHAB MINAS,17.161.837/0001-15,"3998,52",30/10/2026,BN 676 338 378 BR,52765/2026,LUIZ,,,,,,,,,
24/09/2026,PA 553/2026,POSTURAS,ANA GONCALVES LIMA,741.691.656-91,"1332,84",30/10/2026,BN 676 338 364 BR,52769/2026,LUIZA,,,,,,,,,
24/09/2026,PA 554/2026,POSTURAS,ALMEIDA FARIA EMPREEND. E PART. LIMITADA,21.442.165/0001-93,"4998,15",30/10/2026,BN 676 338 404 BR,52781/2026,LUIZA,,,,,,,,,
24/09/2026,PA 555/2026,POSTURAS,ALMEIDA FARIA EMPREEND. E PART. LIMITADA,21.442.165/0001-93,"1332,84",30/10/2026,BN 676 338 404 BR,52784/2026,LUIZA,,,,,,,,,
24/09/2026,PA 556/2026,POSTURAS,ALMEIDA FARIA EMPREEND. E PART. LIMITADA,21.442.165/0001-93,"1332,84",30/10/2026,BN 676 338 404 BR,52786/2026,LUIZA,,,,,,,,,
24/09/2026,PA 558/2026,POSTURAS,ALMEIDA FARIA EMPREEND. E PART. LIMITADA,21.442.165/0001-93,"5997,78",30/10/2026,BN 676 338 404 BR,52787/2026,LUIZA,,,,,,,,,
24/09/2026,PA 557/2026,POSTURAS, MARIA DO CARMO SILVA,930.707.486-00,"1332,84",30/10/2026,BN 676 338 418 BR,52856/2026,LUIZ,,,,,,,,,
24/09/2026,PA 559/2026,POSTURAS, MARIA DO CARMO SILVA,930.707.486-00,"1332,84",30/10/2026,BN 676 338 418 BR,52858/2026,LUIZ,,,,,,,,,
24/09/2026,PA 560/2026,POSTURAS,DALMO MENEZES DE CASTRO,570.262.896-91,"1110,7",30/10/2026,BN 676 338 421 BR,52865/2026,LUIZA,,,,,,,,,
24/09/2026,PA 563/2026,POSTURAS,DALMO MENEZES DE CASTRO,570.262.896-91,"1110,7",30/10/2026,BN 676 338 421 BR,52869/2026,LUIZA,,,,,,,,,
24/09/2026,PA 561/2026,POSTURAS,JOSE MARIA SILVA,318.533.406-00,"1377,27",30/10/2026,BN 676 338 554 BR,52899/2026,LUIZ,,,,,,,,,
24/09/2026,PA 562/2026,POSTURAS,JOSE MARIA SILVA,318.533.406-00,"1377,27",30/10/2026,BN 676 338 554 BR,52900/2026,LUIZ,,,,,,,,,
24/09/2026,PA 574/2026,POSTURAS,IMOBILIARIA CIDADE JARDIM LIMITADA,19.757.236/0001-03,"4998,15",30/10/2026,BN 676 338 510 BR,52901/2026,SANDRA,,,,,,,,,
24/09/2026,PA 577/2026,POSTURAS,IMOBILIARIA CIDADE JARDIM LIMITADA,19.757.236/0001-03,"1666,05",03/11/2026,BN 676 338 510 BR,52903/2026,SANDRA,,,,,,,,,
24/09/2026,PA 580/2026,POSTURAS,IMOBILIARIA CIDADE JARDIM LIMITADA,19.757.236/0001-03,"1666,05",03/11/2026,BN 676 338 510 BR,52906/2026,SANDRA,,,,,,,,,
24/09/2026,PA 579/2026,POSTURAS,JOSE APARECIDO DOS SANTOS,512.738.616-04,"2626,81",03/11/2026,BN 676 338 545 BR,52910/2026,GLÜUCIO,,,,,,,,,
24/09/2026,PA 581/2026,POSTURAS,JOSE APARECIDO DOS SANTOS,512.738.616-04,"2626,81",03/11/2026,BN 676 338 545 BR,52912/2026,GLÜUCIO,,,,,,,,,
24/09/2026,PA 568/2026,POSTURAS,JOSE DIMAS BATISTA BECHELAINE,185.475.166-20,"1332,84",03/11/2026,BN 676 338 537 BR,52916/2026,JOéO,,,,,,,,,
24/09/2026,PA 566/2026,POSTURAS,JOSE DIMAS BATISTA BECHELAINE,185.475.166-20,"1332,84",03/11/2026,BN 676 338 537 BR,52920/2026,JOéO,,,,,,,,,
24/09/2026,PA 565/2026,POSTURAS,JOSE DIMAS BATISTA BECHELAINE,185.475.166-20,"4998,15",03/11/2026,BN 676 338 537 BR,52922/2026,JOéO,,,,,,,,,
24/09/2026,PA 567/2026,POSTURAS,VILMA LARA,326.793.196-72,"2221,4",30/10/2026,BN 676 338 483 BR,52728/2026,SANDRA,,,,,,,,,
24/09/2026,PA 564/2026,POSTURAS,VILMA LARA,326.793.196-72,"2221,4",30/10/2026,BN 676 338 483 BR,52731/2026,SANDRA,,,,,,,,,
24/09/2026,PA 571/2026,POSTURAS,GUILHERME CAPANEMA FILHO,232.205.036-91,"1599,41",03/11/2026,BN 676 338 523 BR,52926/2026,LUIZ,,,,,,,,,
24/09/2026,PA 569/2026,POSTURAS,GUILHERME CAPANEMA FILHO,232.205.036-91,"1599,41",03/11/2026,BN 676 338 523 BR,52928/2026,LUIZ,,,,,,,,,
24/09/2026,PA 570/2026,POSTURAS,CARLOS RODRIGUES GONCALVES,051.965.426-98,"1110,7",03/11/2026,BN 676 338 599 BR,52931/2026,LUIZA,,,,,,,,,
24/09/2026,PA 573/2026,POSTURAS,CARLOS RODRIGUES GONCALVES,051.965.426-98,"1388,38",03/11/2026,BN 676 338 599 BR,52934/2026,LUIZA,,,,,,,,,
24/09/2026,PA 572/2026,POSTURAS,CARLOS RODRIGUES GONCALVES,051.965.426-98,"1338,38",03/11/2026,BN 676 338 599 BR,52937/2026,LUIZA,,,,,,,,,
30/09/2026,PA 651/2026,POSTURAS,ESPüLIO DE ILCA NOGUEIRA SILVA ,098.910.136-34 ,"2887,82",30/10/2026,BN 676 338 435 BR,52758/2026,LUIZ,,,,,,,,,
01/10/2026,PA 434/2026,POSTURAS,TEODORA APARECIDA DINIZ BARROS ,929.986.666-04,"2665,68",,,53810/2026,RåMULO,,,,,,,,,
01/10/2026,PA 435/2026,POSTURAS,TEODORA APARECIDA DINIZ BARROS ,929.986.666-04,"2665,68",,,53843/2026,RåMULO,,,,,,,,,
01/10/2026,PA 440/2026,POSTURAS,SEBASTIAO LEOPOLDO DA COSTA,433.298.966-04,"1332,84",,,53822/2026,RåMULO,,,,,,,,,
01/10/2026,PA 443/2026,POSTURAS,SEBASTIAO LEOPOLDO DA COSTA,433.298.966-04,"1332,84",,,53824/2026,RåMULO,,,,,,,,,
01/10/2026,PA 445/2026,POSTURAS,NOELSON MARTINS PEREIRA,835.509.416-68,"2665,68",,,53827/2026,RåMULO,,,,,,,,,
01/10/2026,PA 447/2026,POSTURAS,GERALDO MAGELA PEREIRA,611.949.806-00,"1332,84",,,53831/2026,RåMULO,,,,,,,,,
01/10/2026,PA 666/2026,POSTURAS,SINFRONIO BATISTA DOS SANTOS,001.656.546-00,"4714,92",03/11/2026,,53362/2026,REGINA,,,,,,,,,
02/10/2026,PA 699/2026,POSTURAS,EDIANA ZUM BACH LAMOUNIER ,343.006.196-20 ,"8830,06",03/11/2026,,53526/2026,MARIELLE,,,,,,,,,
02/10/2026,PA 604/2026,POSTURAS,SILVANE MARIA DA SILVA,949.437.536-04,"1332,84",,,53848/2026,SANDRA,,,,,,,,,
02/10/2026,PA 617/2026,POSTURAS,DANIELLE CRISTINA GUIMARAES,062.857.686-25,"1332,84",,,53853/2026,SANDRA,,,,,,,,,
02/10/2026,PA 612/2026,POSTURAS,DANIELLE CRISTINA GUIMARAES,062.857.686-25,"1332,84",,,53857/2026,SANDRA,,,,,,,,,
02/10/2026,PA 600/2026,POSTURAS,BURGOS PART. E EMPREEND.,33.843.019/0001-59,"4998,15",,,53898/2026,JOéO,,,,,,,,,
02/10/2026,PA 601/2026,POSTURAS,BURGOS PART. E EMPREEND.,33.843.019/0001-59,"1332,84",,,,JOéO,,,,,,,,,
02/10/2026,PA 603/2026,POSTURAS,BURGOS PART. E EMPREEND.,33.843.019/0001-59,"1332,84",,,,JOéO,,,,,,,,,
02/10/2026,PA 611/2026,POSTURAS,BURGOS PART. E EMPREEND.,33.843.019/0001-59,"1332,84",,,,JOéO,,,,,,,,,
02/10/2026,PA 610/2026,POSTURAS,BURGOS PART. E EMPREEND.,33.843.019/0001-59,"1332,84",,,,JOéO,,,,,,,,,
02/10/2026,PA 608/2026,POSTURAS,JOSE PROCOPIO RAMOS,131.776.996-15,"4248,43",,,,SANDRA,,,,,,,,,
02/10/2026,PA 590/2026,POSTURAS,VERTICAL CONSTRUTORA LTDA,15.621.155/0001-12,"16660,5",,,,LUIZ,,,,,,,,,
02/10/2026,PA 593/2026,POSTURAS,VERTICAL CONSTRUTORA LTDA,15.621.155/0001-12,"2221,4",,,,LUIZ,,,,,,,,,
02/10/2026,PA 591/2026,POSTURAS,ESPOLIO DE MARIA APARECIDA BENFENATTI RIBEIRO,389.960.576-49,"8771,75",,,,MARIELLE,,,,,,,,,
02/10/2026,PA 592/2026,POSTURAS,MARIA ORIVALDA DA COSTA,017.667.036-07,"1332,84",,,,ROMULO,,,,,,,,,
02/10/2026,PA 594/2026,POSTURAS,PEDRO BERNADINO DE LUCENA,557.312.016-68,"3911,89",,,,CRISTIANE,,,,,,,,,
02/10/2026,PA 595/2026,POSTURAS,LAERCIO PEDRO DOS SANTOS,202.947.786-91,"1332,84",,,,MARIELLE,,,,,,,,,
02/10/2026,PA 596/2026,POSTURAS,LAERCIO PEDRO DOS SANTOS,202.947.786-91,"1332,84",,,,MARIELLE,,,,,,,,,
02/10/2026,PA 598/2026,POSTURAS,PEDRO HENRIQUE NOLA ARAUJO E OUTRO,390.177.106-91,"1332,84",,,,LUIZ,,,,,,,,,
02/10/2026,PA 597/2026,POSTURAS,PEDRO HENRIQUE NOLA ARAUJO E OUTRO,390.177.106-91,"1332,84",,,,LUIZ,,,,,,,,,
02/10/2026,PA 599/2026,POSTURAS,SILVANE MARIA DA SILVA,949.437.536-04,"1332,84",,,,SANDRA,,,,,,,,,
02/10/2026,PA 588/2026,POSTURAS,HILTON GONTIJO DA FONSECA,087.608.106-53,"3037,76",,,,MARIELLE,,,,,,,,,
02/10/2026,PA 584/2026,POSTURAS,HILTON GONTIJO DA FONSECA,087.608.106-53,"3037,76",,,,MARIELLE,,,,,,,,,
02/10/2026,PA 582/2026,POSTURAS,SEBASTIAO GERALDO DA SILVA,506.081.776-87,"1332,84",,,,SANDRA,,,,,,,,,
02/10/2026,PA 585/2026,POSTURAS,SEBASTIAO GERALDO DA SILVA,506.081.776-87,"1332,84",,,,SANDRA,,,,,,,,,
02/10/2026,PA 587/2026,POSTURAS,CANDIDO RABELO LTDA,45.644.811/0001-63,"1988,15",,,,LUIZ,,,,,,,,,
02/10/2026,PA 586/2026,POSTURAS,CANDIDO RABELO LTDA,45.644.811/0001-63,"1988,15",,,,LUIZ,,,,,,,,,
05/10/2026,PA 621/2026,POSTURAS,EMPREENDIMENTOS PILAR LTDA,20.154.753/0001-69,"1332,84",,,,SANDRA,,,,,,,,,
05/10/2026,PÜ 622/2026,POSTURAS,EMPREENDIMENTOS PILAR LTDA,20.154.753/0001-69,"1332,84",,,,SANDRA,,,,,,,,,
05/10/2026,PA 626/2026,POSTURAS,EMPREENDIMENTOS PILAR LTDA,20.154.753/0001-69,"1332,84",,,,SANDRA,,,,,,,,,
05/10/2026,PA 624/2026,POSTURAS,LEANDRO GONCALVES MACIEL,775.864.096-68,"1110,7",,,,JOéO,,,,,,,,,
05/10/2026,PA 623/2026,POSTURAS,LEANDRO GONCALVES MACIEL,775.864.096-68,"4873,2",,,,JOéO,,,,,,,,,
05/10/2026,PA 625/2026,POSTURAS,LEANDRO GONCALVES MACIEL,775.864.096-68,"1110,7",,,,JOéO,,,,,,,,,
05/10/2026,PA 628/2026,POSTURAS,ITO IMOVEIS LTDA,20.894.481/0001-33,"1332,84",,,,LUIZA,,,,,,,,,
05/10/2026,PA 629/2026,POSTURAS,JUNIO CRISTOVAO DA FONSECA,065.045.956-31,"1332,84",,,,LUIZA,,,,,,,,,
05/10/2026,PA 632/2026,POSTURAS,MARIA DA CONCEICAO RIBEIRO DE SOUSA GUIMARAES,678.301.966-72,"1332,84",,,,LUIZA,,,,,,,,,
05/10/2026,PA 633/2026,POSTURAS,SOLANGE NUNES,081.010.426-10,"1332,84",,,,LUIZA,,,,,,,,,
05/10/2026,PA 634/2026,POSTURAS,FS CONSTRUTORA E INCORPORADORA LTDA,48.083.982/0001-59,"666,42",,,,LUIZA,,,,,,,,,
05/10/2026,PA 635/2026,POSTURAS,FS CONSTRUTORA E INCORPORADORA LTDA,48.083.982/0001-59,"1332,84",,,,LUIZA,,,,,,,,,
05/10/2026,PA 636/2026,POSTURAS,AGDA LUCIA DOS SANTOS PEREIRA,858.218.966-49,"3831,91",,,,MARIELLE,,,,,,,,,
05/10/2026,PA 638/2026,POSTURAS,NOSSO LAR LIMITADA,18.521.948/0001-58,"3332,1",,,,MARIELLE,,,,,,,,,
05/10/2026,PA 637/2026,POSTURAS,NOSSO LAR LIMITADA,18.521.948/0001-58,"5331,36",,,,MARIELLE,,,,,,,,,
05/10/2026,PA 639/2026,POSTURAS,FABIO RODRIGUES DA SILVA,000.868.576-22,"4054,05",,,,ROMULO,,,,,,,,,
